[0.159s] DEBUG:colcon:Command line arguments: ['/usr/bin/colcon', 'build', '--symlink-install']
[0.159s] DEBUG:colcon:Parsed command line arguments: Namespace(log_base=None, log_level=None, verb_name='build', build_base='build', install_base='install', merge_install=False, symlink_install=True, test_result_base=None, continue_on_error=False, executor='parallel', parallel_workers=4, event_handlers=None, ignore_user_meta=False, metas=['./colcon.meta'], base_paths=['.'], packages_ignore=None, packages_ignore_regex=None, paths=None, packages_up_to=None, packages_up_to_regex=None, packages_above=None, packages_above_and_dependencies=None, packages_above_depth=None, packages_select_by_dep=None, packages_skip_by_dep=None, packages_skip_up_to=None, packages_select_build_failed=False, packages_skip_build_finished=False, packages_select_test_failures=False, packages_skip_test_passed=False, packages_select=None, packages_skip=None, packages_select_regex=None, packages_skip_regex=None, packages_start=None, packages_end=None, allow_overriding=[], cmake_args=None, cmake_target=None, cmake_target_skip_unavailable=False, cmake_clean_cache=False, cmake_clean_first=False, cmake_force_configure=False, ament_cmake_args=None, catkin_cmake_args=None, catkin_skip_building_tests=False, mixin_files=None, mixin=None, verb_parser=<colcon_mixin.mixin.mixin_argument.MixinArgumentDecorator object at 0xffff9f38afc0>, verb_extension=<colcon_core.verb.build.BuildVerb object at 0xffff9f56b8f0>, main=<bound method BuildVerb.main of <colcon_core.verb.build.BuildVerb object at 0xffff9f56b8f0>>, mixin_verb=('build',))
[0.219s] Level 1:colcon.colcon_core.package_discovery:discover_packages(colcon_meta) check parameters
[0.219s] Level 1:colcon.colcon_core.package_discovery:discover_packages(recursive) check parameters
[0.219s] Level 1:colcon.colcon_core.package_discovery:discover_packages(ignore) check parameters
[0.219s] Level 1:colcon.colcon_core.package_discovery:discover_packages(path) check parameters
[0.220s] Level 1:colcon.colcon_core.package_discovery:discover_packages(colcon_meta) discover
[0.220s] Level 1:colcon.colcon_core.package_discovery:discover_packages(recursive) discover
[0.220s] INFO:colcon.colcon_core.package_discovery:Crawling recursively for packages in '/home/admin/ros2_bus'
[0.220s] Level 1:colcon.colcon_core.package_identification:_identify(.) by extensions ['ignore', 'ignore_ament_install']
[0.220s] Level 1:colcon.colcon_core.package_identification:_identify(.) by extension 'ignore'
[0.220s] Level 1:colcon.colcon_core.package_identification:_identify(.) by extension 'ignore_ament_install'
[0.220s] Level 1:colcon.colcon_core.package_identification:_identify(.) by extensions ['colcon_pkg']
[0.220s] Level 1:colcon.colcon_core.package_identification:_identify(.) by extension 'colcon_pkg'
[0.220s] Level 1:colcon.colcon_core.package_identification:_identify(.) by extensions ['colcon_meta']
[0.220s] Level 1:colcon.colcon_core.package_identification:_identify(.) by extension 'colcon_meta'
[0.220s] Level 1:colcon.colcon_core.package_identification:_identify(.) by extensions ['ros']
[0.220s] Level 1:colcon.colcon_core.package_identification:_identify(.) by extension 'ros'
[0.256s] Level 1:colcon.colcon_core.package_identification:_identify(.) by extensions ['cmake', 'python']
[0.256s] Level 1:colcon.colcon_core.package_identification:_identify(.) by extension 'cmake'
[0.256s] Level 1:colcon.colcon_core.package_identification:_identify(.) by extension 'python'
[0.256s] Level 1:colcon.colcon_core.package_identification:_identify(.) by extensions ['python_setup_py']
[0.256s] Level 1:colcon.colcon_core.package_identification:_identify(.) by extension 'python_setup_py'
[0.256s] Level 1:colcon.colcon_core.package_identification:_identify(build) by extensions ['ignore', 'ignore_ament_install']
[0.257s] Level 1:colcon.colcon_core.package_identification:_identify(build) by extension 'ignore'
[0.257s] Level 1:colcon.colcon_core.package_identification:_identify(build) ignored
[0.257s] Level 1:colcon.colcon_core.package_identification:_identify(install) by extensions ['ignore', 'ignore_ament_install']
[0.257s] Level 1:colcon.colcon_core.package_identification:_identify(install) by extension 'ignore'
[0.257s] Level 1:colcon.colcon_core.package_identification:_identify(install) ignored
[0.257s] Level 1:colcon.colcon_core.package_identification:_identify(log) by extensions ['ignore', 'ignore_ament_install']
[0.257s] Level 1:colcon.colcon_core.package_identification:_identify(log) by extension 'ignore'
[0.257s] Level 1:colcon.colcon_core.package_identification:_identify(log) ignored
[0.257s] Level 1:colcon.colcon_core.package_identification:_identify(models) by extensions ['ignore', 'ignore_ament_install']
[0.257s] Level 1:colcon.colcon_core.package_identification:_identify(models) by extension 'ignore'
[0.257s] Level 1:colcon.colcon_core.package_identification:_identify(models) by extension 'ignore_ament_install'
[0.257s] Level 1:colcon.colcon_core.package_identification:_identify(models) by extensions ['colcon_pkg']
[0.257s] Level 1:colcon.colcon_core.package_identification:_identify(models) by extension 'colcon_pkg'
[0.258s] Level 1:colcon.colcon_core.package_identification:_identify(models) by extensions ['colcon_meta']
[0.258s] Level 1:colcon.colcon_core.package_identification:_identify(models) by extension 'colcon_meta'
[0.258s] Level 1:colcon.colcon_core.package_identification:_identify(models) by extensions ['ros']
[0.258s] Level 1:colcon.colcon_core.package_identification:_identify(models) by extension 'ros'
[0.258s] Level 1:colcon.colcon_core.package_identification:_identify(models) by extensions ['cmake', 'python']
[0.258s] Level 1:colcon.colcon_core.package_identification:_identify(models) by extension 'cmake'
[0.258s] Level 1:colcon.colcon_core.package_identification:_identify(models) by extension 'python'
[0.258s] Level 1:colcon.colcon_core.package_identification:_identify(models) by extensions ['python_setup_py']
[0.258s] Level 1:colcon.colcon_core.package_identification:_identify(models) by extension 'python_setup_py'
[0.258s] Level 1:colcon.colcon_core.package_identification:_identify(scripts) by extensions ['ignore', 'ignore_ament_install']
[0.258s] Level 1:colcon.colcon_core.package_identification:_identify(scripts) by extension 'ignore'
[0.258s] Level 1:colcon.colcon_core.package_identification:_identify(scripts) by extension 'ignore_ament_install'
[0.258s] Level 1:colcon.colcon_core.package_identification:_identify(scripts) by extensions ['colcon_pkg']
[0.258s] Level 1:colcon.colcon_core.package_identification:_identify(scripts) by extension 'colcon_pkg'
[0.258s] Level 1:colcon.colcon_core.package_identification:_identify(scripts) by extensions ['colcon_meta']
[0.258s] Level 1:colcon.colcon_core.package_identification:_identify(scripts) by extension 'colcon_meta'
[0.258s] Level 1:colcon.colcon_core.package_identification:_identify(scripts) by extensions ['ros']
[0.258s] Level 1:colcon.colcon_core.package_identification:_identify(scripts) by extension 'ros'
[0.258s] Level 1:colcon.colcon_core.package_identification:_identify(scripts) by extensions ['cmake', 'python']
[0.258s] Level 1:colcon.colcon_core.package_identification:_identify(scripts) by extension 'cmake'
[0.258s] Level 1:colcon.colcon_core.package_identification:_identify(scripts) by extension 'python'
[0.258s] Level 1:colcon.colcon_core.package_identification:_identify(scripts) by extensions ['python_setup_py']
[0.259s] Level 1:colcon.colcon_core.package_identification:_identify(scripts) by extension 'python_setup_py'
[0.259s] Level 1:colcon.colcon_core.package_identification:_identify(src) by extensions ['ignore', 'ignore_ament_install']
[0.259s] Level 1:colcon.colcon_core.package_identification:_identify(src) by extension 'ignore'
[0.259s] Level 1:colcon.colcon_core.package_identification:_identify(src) by extension 'ignore_ament_install'
[0.259s] Level 1:colcon.colcon_core.package_identification:_identify(src) by extensions ['colcon_pkg']
[0.259s] Level 1:colcon.colcon_core.package_identification:_identify(src) by extension 'colcon_pkg'
[0.259s] Level 1:colcon.colcon_core.package_identification:_identify(src) by extensions ['colcon_meta']
[0.259s] Level 1:colcon.colcon_core.package_identification:_identify(src) by extension 'colcon_meta'
[0.259s] Level 1:colcon.colcon_core.package_identification:_identify(src) by extensions ['ros']
[0.259s] Level 1:colcon.colcon_core.package_identification:_identify(src) by extension 'ros'
[0.259s] Level 1:colcon.colcon_core.package_identification:_identify(src) by extensions ['cmake', 'python']
[0.259s] Level 1:colcon.colcon_core.package_identification:_identify(src) by extension 'cmake'
[0.259s] Level 1:colcon.colcon_core.package_identification:_identify(src) by extension 'python'
[0.259s] Level 1:colcon.colcon_core.package_identification:_identify(src) by extensions ['python_setup_py']
[0.259s] Level 1:colcon.colcon_core.package_identification:_identify(src) by extension 'python_setup_py'
[0.259s] Level 1:colcon.colcon_core.package_identification:_identify(src/camera_ros) by extensions ['ignore', 'ignore_ament_install']
[0.259s] Level 1:colcon.colcon_core.package_identification:_identify(src/camera_ros) by extension 'ignore'
[0.259s] Level 1:colcon.colcon_core.package_identification:_identify(src/camera_ros) by extension 'ignore_ament_install'
[0.259s] Level 1:colcon.colcon_core.package_identification:_identify(src/camera_ros) by extensions ['colcon_pkg']
[0.260s] Level 1:colcon.colcon_core.package_identification:_identify(src/camera_ros) by extension 'colcon_pkg'
[0.260s] Level 1:colcon.colcon_core.package_identification:_identify(src/camera_ros) by extensions ['colcon_meta']
[0.260s] Level 1:colcon.colcon_core.package_identification:_identify(src/camera_ros) by extension 'colcon_meta'
[0.260s] Level 1:colcon.colcon_core.package_identification:_identify(src/camera_ros) by extensions ['ros']
[0.260s] Level 1:colcon.colcon_core.package_identification:_identify(src/camera_ros) by extension 'ros'
[0.266s] DEBUG:colcon.colcon_core.package_identification:Package 'src/camera_ros' with type 'ros.ament_cmake' and name 'camera_ros'
[0.266s] Level 1:colcon.colcon_core.package_identification:_identify(src/py_bus_behavior) by extensions ['ignore', 'ignore_ament_install']
[0.267s] Level 1:colcon.colcon_core.package_identification:_identify(src/py_bus_behavior) by extension 'ignore'
[0.267s] Level 1:colcon.colcon_core.package_identification:_identify(src/py_bus_behavior) by extension 'ignore_ament_install'
[0.267s] Level 1:colcon.colcon_core.package_identification:_identify(src/py_bus_behavior) by extensions ['colcon_pkg']
[0.267s] Level 1:colcon.colcon_core.package_identification:_identify(src/py_bus_behavior) by extension 'colcon_pkg'
[0.267s] Level 1:colcon.colcon_core.package_identification:_identify(src/py_bus_behavior) by extensions ['colcon_meta']
[0.267s] Level 1:colcon.colcon_core.package_identification:_identify(src/py_bus_behavior) by extension 'colcon_meta'
[0.267s] Level 1:colcon.colcon_core.package_identification:_identify(src/py_bus_behavior) by extensions ['ros']
[0.267s] Level 1:colcon.colcon_core.package_identification:_identify(src/py_bus_behavior) by extension 'ros'
[0.268s] DEBUG:colcon.colcon_core.package_identification:Package 'src/py_bus_behavior' with type 'ros.ament_python' and name 'py_bus_behavior'
[0.268s] Level 1:colcon.colcon_core.package_identification:_identify(src/py_bus_bringup) by extensions ['ignore', 'ignore_ament_install']
[0.268s] Level 1:colcon.colcon_core.package_identification:_identify(src/py_bus_bringup) by extension 'ignore'
[0.268s] Level 1:colcon.colcon_core.package_identification:_identify(src/py_bus_bringup) by extension 'ignore_ament_install'
[0.268s] Level 1:colcon.colcon_core.package_identification:_identify(src/py_bus_bringup) by extensions ['colcon_pkg']
[0.268s] Level 1:colcon.colcon_core.package_identification:_identify(src/py_bus_bringup) by extension 'colcon_pkg'
[0.268s] Level 1:colcon.colcon_core.package_identification:_identify(src/py_bus_bringup) by extensions ['colcon_meta']
[0.268s] Level 1:colcon.colcon_core.package_identification:_identify(src/py_bus_bringup) by extension 'colcon_meta'
[0.268s] Level 1:colcon.colcon_core.package_identification:_identify(src/py_bus_bringup) by extensions ['ros']
[0.268s] Level 1:colcon.colcon_core.package_identification:_identify(src/py_bus_bringup) by extension 'ros'
[0.269s] DEBUG:colcon.colcon_core.package_identification:Package 'src/py_bus_bringup' with type 'ros.ament_python' and name 'py_bus_bringup'
[0.269s] Level 1:colcon.colcon_core.package_identification:_identify(src/py_bus_controller) by extensions ['ignore', 'ignore_ament_install']
[0.269s] Level 1:colcon.colcon_core.package_identification:_identify(src/py_bus_controller) by extension 'ignore'
[0.269s] Level 1:colcon.colcon_core.package_identification:_identify(src/py_bus_controller) by extension 'ignore_ament_install'
[0.269s] Level 1:colcon.colcon_core.package_identification:_identify(src/py_bus_controller) by extensions ['colcon_pkg']
[0.269s] Level 1:colcon.colcon_core.package_identification:_identify(src/py_bus_controller) by extension 'colcon_pkg'
[0.269s] Level 1:colcon.colcon_core.package_identification:_identify(src/py_bus_controller) by extensions ['colcon_meta']
[0.269s] Level 1:colcon.colcon_core.package_identification:_identify(src/py_bus_controller) by extension 'colcon_meta'
[0.269s] Level 1:colcon.colcon_core.package_identification:_identify(src/py_bus_controller) by extensions ['ros']
[0.269s] Level 1:colcon.colcon_core.package_identification:_identify(src/py_bus_controller) by extension 'ros'
[0.270s] DEBUG:colcon.colcon_core.package_identification:Package 'src/py_bus_controller' with type 'ros.ament_python' and name 'py_bus_controller'
[0.270s] Level 1:colcon.colcon_core.package_identification:_identify(src/py_bus_driver) by extensions ['ignore', 'ignore_ament_install']
[0.270s] Level 1:colcon.colcon_core.package_identification:_identify(src/py_bus_driver) by extension 'ignore'
[0.270s] Level 1:colcon.colcon_core.package_identification:_identify(src/py_bus_driver) by extension 'ignore_ament_install'
[0.270s] Level 1:colcon.colcon_core.package_identification:_identify(src/py_bus_driver) by extensions ['colcon_pkg']
[0.270s] Level 1:colcon.colcon_core.package_identification:_identify(src/py_bus_driver) by extension 'colcon_pkg'
[0.270s] Level 1:colcon.colcon_core.package_identification:_identify(src/py_bus_driver) by extensions ['colcon_meta']
[0.270s] Level 1:colcon.colcon_core.package_identification:_identify(src/py_bus_driver) by extension 'colcon_meta'
[0.270s] Level 1:colcon.colcon_core.package_identification:_identify(src/py_bus_driver) by extensions ['ros']
[0.270s] Level 1:colcon.colcon_core.package_identification:_identify(src/py_bus_driver) by extension 'ros'
[0.271s] DEBUG:colcon.colcon_core.package_identification:Package 'src/py_bus_driver' with type 'ros.ament_python' and name 'py_bus_driver'
[0.271s] Level 1:colcon.colcon_core.package_identification:_identify(src/py_bus_hmi) by extensions ['ignore', 'ignore_ament_install']
[0.271s] Level 1:colcon.colcon_core.package_identification:_identify(src/py_bus_hmi) by extension 'ignore'
[0.271s] Level 1:colcon.colcon_core.package_identification:_identify(src/py_bus_hmi) by extension 'ignore_ament_install'
[0.271s] Level 1:colcon.colcon_core.package_identification:_identify(src/py_bus_hmi) by extensions ['colcon_pkg']
[0.271s] Level 1:colcon.colcon_core.package_identification:_identify(src/py_bus_hmi) by extension 'colcon_pkg'
[0.271s] Level 1:colcon.colcon_core.package_identification:_identify(src/py_bus_hmi) by extensions ['colcon_meta']
[0.271s] Level 1:colcon.colcon_core.package_identification:_identify(src/py_bus_hmi) by extension 'colcon_meta'
[0.271s] Level 1:colcon.colcon_core.package_identification:_identify(src/py_bus_hmi) by extensions ['ros']
[0.271s] Level 1:colcon.colcon_core.package_identification:_identify(src/py_bus_hmi) by extension 'ros'
[0.272s] DEBUG:colcon.colcon_core.package_identification:Package 'src/py_bus_hmi' with type 'ros.ament_python' and name 'py_bus_hmi'
[0.272s] Level 1:colcon.colcon_core.package_identification:_identify(src/py_bus_interfaces) by extensions ['ignore', 'ignore_ament_install']
[0.272s] Level 1:colcon.colcon_core.package_identification:_identify(src/py_bus_interfaces) by extension 'ignore'
[0.272s] Level 1:colcon.colcon_core.package_identification:_identify(src/py_bus_interfaces) by extension 'ignore_ament_install'
[0.272s] Level 1:colcon.colcon_core.package_identification:_identify(src/py_bus_interfaces) by extensions ['colcon_pkg']
[0.272s] Level 1:colcon.colcon_core.package_identification:_identify(src/py_bus_interfaces) by extension 'colcon_pkg'
[0.272s] Level 1:colcon.colcon_core.package_identification:_identify(src/py_bus_interfaces) by extensions ['colcon_meta']
[0.272s] Level 1:colcon.colcon_core.package_identification:_identify(src/py_bus_interfaces) by extension 'colcon_meta'
[0.272s] Level 1:colcon.colcon_core.package_identification:_identify(src/py_bus_interfaces) by extensions ['ros']
[0.272s] Level 1:colcon.colcon_core.package_identification:_identify(src/py_bus_interfaces) by extension 'ros'
[0.273s] DEBUG:colcon.colcon_core.package_identification:Package 'src/py_bus_interfaces' with type 'ros.ament_cmake' and name 'py_bus_interfaces'
[0.273s] Level 1:colcon.colcon_core.package_identification:_identify(src/py_bus_localisation_hw) by extensions ['ignore', 'ignore_ament_install']
[0.273s] Level 1:colcon.colcon_core.package_identification:_identify(src/py_bus_localisation_hw) by extension 'ignore'
[0.273s] Level 1:colcon.colcon_core.package_identification:_identify(src/py_bus_localisation_hw) by extension 'ignore_ament_install'
[0.273s] Level 1:colcon.colcon_core.package_identification:_identify(src/py_bus_localisation_hw) by extensions ['colcon_pkg']
[0.273s] Level 1:colcon.colcon_core.package_identification:_identify(src/py_bus_localisation_hw) by extension 'colcon_pkg'
[0.273s] Level 1:colcon.colcon_core.package_identification:_identify(src/py_bus_localisation_hw) by extensions ['colcon_meta']
[0.273s] Level 1:colcon.colcon_core.package_identification:_identify(src/py_bus_localisation_hw) by extension 'colcon_meta'
[0.273s] Level 1:colcon.colcon_core.package_identification:_identify(src/py_bus_localisation_hw) by extensions ['ros']
[0.273s] Level 1:colcon.colcon_core.package_identification:_identify(src/py_bus_localisation_hw) by extension 'ros'
[0.274s] DEBUG:colcon.colcon_core.package_identification:Package 'src/py_bus_localisation_hw' with type 'ros.ament_python' and name 'py_bus_localisation_hw'
[0.274s] Level 1:colcon.colcon_core.package_identification:_identify(src/py_bus_localisation_logic) by extensions ['ignore', 'ignore_ament_install']
[0.274s] Level 1:colcon.colcon_core.package_identification:_identify(src/py_bus_localisation_logic) by extension 'ignore'
[0.274s] Level 1:colcon.colcon_core.package_identification:_identify(src/py_bus_localisation_logic) by extension 'ignore_ament_install'
[0.274s] Level 1:colcon.colcon_core.package_identification:_identify(src/py_bus_localisation_logic) by extensions ['colcon_pkg']
[0.274s] Level 1:colcon.colcon_core.package_identification:_identify(src/py_bus_localisation_logic) by extension 'colcon_pkg'
[0.274s] Level 1:colcon.colcon_core.package_identification:_identify(src/py_bus_localisation_logic) by extensions ['colcon_meta']
[0.274s] Level 1:colcon.colcon_core.package_identification:_identify(src/py_bus_localisation_logic) by extension 'colcon_meta'
[0.274s] Level 1:colcon.colcon_core.package_identification:_identify(src/py_bus_localisation_logic) by extensions ['ros']
[0.274s] Level 1:colcon.colcon_core.package_identification:_identify(src/py_bus_localisation_logic) by extension 'ros'
[0.275s] DEBUG:colcon.colcon_core.package_identification:Package 'src/py_bus_localisation_logic' with type 'ros.ament_python' and name 'py_bus_localisation_logic'
[0.275s] Level 1:colcon.colcon_core.package_identification:_identify(src/py_bus_nav) by extensions ['ignore', 'ignore_ament_install']
[0.275s] Level 1:colcon.colcon_core.package_identification:_identify(src/py_bus_nav) by extension 'ignore'
[0.275s] Level 1:colcon.colcon_core.package_identification:_identify(src/py_bus_nav) by extension 'ignore_ament_install'
[0.275s] Level 1:colcon.colcon_core.package_identification:_identify(src/py_bus_nav) by extensions ['colcon_pkg']
[0.275s] Level 1:colcon.colcon_core.package_identification:_identify(src/py_bus_nav) by extension 'colcon_pkg'
[0.275s] Level 1:colcon.colcon_core.package_identification:_identify(src/py_bus_nav) by extensions ['colcon_meta']
[0.275s] Level 1:colcon.colcon_core.package_identification:_identify(src/py_bus_nav) by extension 'colcon_meta'
[0.275s] Level 1:colcon.colcon_core.package_identification:_identify(src/py_bus_nav) by extensions ['ros']
[0.275s] Level 1:colcon.colcon_core.package_identification:_identify(src/py_bus_nav) by extension 'ros'
[0.276s] DEBUG:colcon.colcon_core.package_identification:Package 'src/py_bus_nav' with type 'ros.ament_python' and name 'py_bus_nav'
[0.276s] Level 1:colcon.colcon_core.package_identification:_identify(src/py_bus_perception_hw) by extensions ['ignore', 'ignore_ament_install']
[0.276s] Level 1:colcon.colcon_core.package_identification:_identify(src/py_bus_perception_hw) by extension 'ignore'
[0.276s] Level 1:colcon.colcon_core.package_identification:_identify(src/py_bus_perception_hw) by extension 'ignore_ament_install'
[0.276s] Level 1:colcon.colcon_core.package_identification:_identify(src/py_bus_perception_hw) by extensions ['colcon_pkg']
[0.276s] Level 1:colcon.colcon_core.package_identification:_identify(src/py_bus_perception_hw) by extension 'colcon_pkg'
[0.276s] Level 1:colcon.colcon_core.package_identification:_identify(src/py_bus_perception_hw) by extensions ['colcon_meta']
[0.276s] Level 1:colcon.colcon_core.package_identification:_identify(src/py_bus_perception_hw) by extension 'colcon_meta'
[0.276s] Level 1:colcon.colcon_core.package_identification:_identify(src/py_bus_perception_hw) by extensions ['ros']
[0.276s] Level 1:colcon.colcon_core.package_identification:_identify(src/py_bus_perception_hw) by extension 'ros'
[0.277s] DEBUG:colcon.colcon_core.package_identification:Package 'src/py_bus_perception_hw' with type 'ros.ament_python' and name 'py_bus_perception_hw'
[0.277s] Level 1:colcon.colcon_core.package_identification:_identify(src/py_bus_perception_logic) by extensions ['ignore', 'ignore_ament_install']
[0.277s] Level 1:colcon.colcon_core.package_identification:_identify(src/py_bus_perception_logic) by extension 'ignore'
[0.277s] Level 1:colcon.colcon_core.package_identification:_identify(src/py_bus_perception_logic) by extension 'ignore_ament_install'
[0.277s] Level 1:colcon.colcon_core.package_identification:_identify(src/py_bus_perception_logic) by extensions ['colcon_pkg']
[0.277s] Level 1:colcon.colcon_core.package_identification:_identify(src/py_bus_perception_logic) by extension 'colcon_pkg'
[0.277s] Level 1:colcon.colcon_core.package_identification:_identify(src/py_bus_perception_logic) by extensions ['colcon_meta']
[0.277s] Level 1:colcon.colcon_core.package_identification:_identify(src/py_bus_perception_logic) by extension 'colcon_meta'
[0.277s] Level 1:colcon.colcon_core.package_identification:_identify(src/py_bus_perception_logic) by extensions ['ros']
[0.277s] Level 1:colcon.colcon_core.package_identification:_identify(src/py_bus_perception_logic) by extension 'ros'
[0.278s] DEBUG:colcon.colcon_core.package_identification:Package 'src/py_bus_perception_logic' with type 'ros.ament_python' and name 'py_bus_perception_logic'
[0.278s] Level 1:colcon.colcon_core.package_discovery:discover_packages(recursive) using defaults
[0.278s] Level 1:colcon.colcon_core.package_discovery:discover_packages(ignore) discover
[0.278s] Level 1:colcon.colcon_core.package_discovery:discover_packages(ignore) using defaults
[0.278s] Level 1:colcon.colcon_core.package_discovery:discover_packages(path) discover
[0.278s] Level 1:colcon.colcon_core.package_discovery:discover_packages(path) using defaults
[0.306s] Level 1:colcon.colcon_core.package_discovery:discover_packages(prefix_path) check parameters
[0.306s] Level 1:colcon.colcon_core.package_discovery:discover_packages(prefix_path) discover
[0.307s] WARNING:colcon.colcon_core.prefix_path.colcon:The path '/home/admin/ros2_bus/src/py_bus_bringup/launch/install' in the environment variable COLCON_PREFIX_PATH doesn't exist
[0.307s] WARNING:colcon.colcon_ros.prefix_path.ament:The path '/home/admin/ros2_bus/install/py_bus_perception_logic' in the environment variable AMENT_PREFIX_PATH doesn't exist
[0.307s] WARNING:colcon.colcon_ros.prefix_path.ament:The path '/home/admin/ros2_bus/install/py_bus_perception_hw' in the environment variable AMENT_PREFIX_PATH doesn't exist
[0.307s] WARNING:colcon.colcon_ros.prefix_path.ament:The path '/home/admin/ros2_bus/install/py_bus_nav' in the environment variable AMENT_PREFIX_PATH doesn't exist
[0.307s] WARNING:colcon.colcon_ros.prefix_path.ament:The path '/home/admin/ros2_bus/install/py_bus_localisation_logic' in the environment variable AMENT_PREFIX_PATH doesn't exist
[0.308s] WARNING:colcon.colcon_ros.prefix_path.ament:The path '/home/admin/ros2_bus/install/py_bus_localisation_hw' in the environment variable AMENT_PREFIX_PATH doesn't exist
[0.308s] WARNING:colcon.colcon_ros.prefix_path.ament:The path '/home/admin/ros2_bus/install/py_bus_interfaces' in the environment variable AMENT_PREFIX_PATH doesn't exist
[0.308s] WARNING:colcon.colcon_ros.prefix_path.ament:The path '/home/admin/ros2_bus/install/py_bus_hmi' in the environment variable AMENT_PREFIX_PATH doesn't exist
[0.308s] WARNING:colcon.colcon_ros.prefix_path.ament:The path '/home/admin/ros2_bus/install/py_bus_driver' in the environment variable AMENT_PREFIX_PATH doesn't exist
[0.308s] WARNING:colcon.colcon_ros.prefix_path.ament:The path '/home/admin/ros2_bus/install/py_bus_controller' in the environment variable AMENT_PREFIX_PATH doesn't exist
[0.308s] WARNING:colcon.colcon_ros.prefix_path.ament:The path '/home/admin/ros2_bus/install/py_bus_bringup' in the environment variable AMENT_PREFIX_PATH doesn't exist
[0.308s] WARNING:colcon.colcon_ros.prefix_path.ament:The path '/home/admin/ros2_bus/install/py_bus_behavior' in the environment variable AMENT_PREFIX_PATH doesn't exist
[0.308s] WARNING:colcon.colcon_ros.prefix_path.ament:The path '/home/admin/ros2_bus/install/camera_ros' in the environment variable AMENT_PREFIX_PATH doesn't exist
[0.308s] WARNING:colcon.colcon_ros.prefix_path.catkin:The path '/home/admin/ros2_bus/install/py_bus_interfaces' in the environment variable CMAKE_PREFIX_PATH doesn't exist
[0.308s] WARNING:colcon.colcon_ros.prefix_path.catkin:The path '/home/admin/ros2_bus/install/camera_ros' in the environment variable CMAKE_PREFIX_PATH doesn't exist
[0.309s] DEBUG:colcon.colcon_installed_package_information.package_discovery:Found 0 installed packages in /home/admin/ros2_bus/install
[0.312s] DEBUG:colcon.colcon_installed_package_information.package_discovery:Found 399 installed packages in /opt/ros/kilted
[0.313s] Level 1:colcon.colcon_core.package_discovery:discover_packages(prefix_path) using defaults
[0.390s] Level 5:colcon.colcon_core.verb:set package 'camera_ros' build argument 'cmake_args' from command line to 'None'
[0.390s] Level 5:colcon.colcon_core.verb:set package 'camera_ros' build argument 'cmake_target' from command line to 'None'
[0.390s] Level 5:colcon.colcon_core.verb:set package 'camera_ros' build argument 'cmake_target_skip_unavailable' from command line to 'False'
[0.390s] Level 5:colcon.colcon_core.verb:set package 'camera_ros' build argument 'cmake_clean_cache' from command line to 'False'
[0.390s] Level 5:colcon.colcon_core.verb:set package 'camera_ros' build argument 'cmake_clean_first' from command line to 'False'
[0.390s] Level 5:colcon.colcon_core.verb:set package 'camera_ros' build argument 'cmake_force_configure' from command line to 'False'
[0.390s] Level 5:colcon.colcon_core.verb:set package 'camera_ros' build argument 'ament_cmake_args' from command line to 'None'
[0.390s] Level 5:colcon.colcon_core.verb:set package 'camera_ros' build argument 'catkin_cmake_args' from command line to 'None'
[0.390s] Level 5:colcon.colcon_core.verb:set package 'camera_ros' build argument 'catkin_skip_building_tests' from command line to 'False'
[0.390s] DEBUG:colcon.colcon_core.verb:Building package 'camera_ros' with the following arguments: {'ament_cmake_args': None, 'build_base': '/home/admin/ros2_bus/build/camera_ros', 'catkin_cmake_args': None, 'catkin_skip_building_tests': False, 'cmake_args': None, 'cmake_clean_cache': False, 'cmake_clean_first': False, 'cmake_force_configure': False, 'cmake_target': None, 'cmake_target_skip_unavailable': False, 'install_base': '/home/admin/ros2_bus/install/camera_ros', 'merge_install': False, 'path': '/home/admin/ros2_bus/src/camera_ros', 'symlink_install': True, 'test_result_base': None}
[0.391s] Level 5:colcon.colcon_core.verb:set package 'py_bus_behavior' build argument 'cmake_args' from command line to 'None'
[0.391s] Level 5:colcon.colcon_core.verb:set package 'py_bus_behavior' build argument 'cmake_target' from command line to 'None'
[0.391s] Level 5:colcon.colcon_core.verb:set package 'py_bus_behavior' build argument 'cmake_target_skip_unavailable' from command line to 'False'
[0.391s] Level 5:colcon.colcon_core.verb:set package 'py_bus_behavior' build argument 'cmake_clean_cache' from command line to 'False'
[0.391s] Level 5:colcon.colcon_core.verb:set package 'py_bus_behavior' build argument 'cmake_clean_first' from command line to 'False'
[0.391s] Level 5:colcon.colcon_core.verb:set package 'py_bus_behavior' build argument 'cmake_force_configure' from command line to 'False'
[0.391s] Level 5:colcon.colcon_core.verb:set package 'py_bus_behavior' build argument 'ament_cmake_args' from command line to 'None'
[0.391s] Level 5:colcon.colcon_core.verb:set package 'py_bus_behavior' build argument 'catkin_cmake_args' from command line to 'None'
[0.391s] Level 5:colcon.colcon_core.verb:set package 'py_bus_behavior' build argument 'catkin_skip_building_tests' from command line to 'False'
[0.391s] DEBUG:colcon.colcon_core.verb:Building package 'py_bus_behavior' with the following arguments: {'ament_cmake_args': None, 'build_base': '/home/admin/ros2_bus/build/py_bus_behavior', 'catkin_cmake_args': None, 'catkin_skip_building_tests': False, 'cmake_args': None, 'cmake_clean_cache': False, 'cmake_clean_first': False, 'cmake_force_configure': False, 'cmake_target': None, 'cmake_target_skip_unavailable': False, 'install_base': '/home/admin/ros2_bus/install/py_bus_behavior', 'merge_install': False, 'path': '/home/admin/ros2_bus/src/py_bus_behavior', 'symlink_install': True, 'test_result_base': None}
[0.391s] Level 5:colcon.colcon_core.verb:set package 'py_bus_bringup' build argument 'cmake_args' from command line to 'None'
[0.391s] Level 5:colcon.colcon_core.verb:set package 'py_bus_bringup' build argument 'cmake_target' from command line to 'None'
[0.391s] Level 5:colcon.colcon_core.verb:set package 'py_bus_bringup' build argument 'cmake_target_skip_unavailable' from command line to 'False'
[0.391s] Level 5:colcon.colcon_core.verb:set package 'py_bus_bringup' build argument 'cmake_clean_cache' from command line to 'False'
[0.391s] Level 5:colcon.colcon_core.verb:set package 'py_bus_bringup' build argument 'cmake_clean_first' from command line to 'False'
[0.391s] Level 5:colcon.colcon_core.verb:set package 'py_bus_bringup' build argument 'cmake_force_configure' from command line to 'False'
[0.391s] Level 5:colcon.colcon_core.verb:set package 'py_bus_bringup' build argument 'ament_cmake_args' from command line to 'None'
[0.391s] Level 5:colcon.colcon_core.verb:set package 'py_bus_bringup' build argument 'catkin_cmake_args' from command line to 'None'
[0.391s] Level 5:colcon.colcon_core.verb:set package 'py_bus_bringup' build argument 'catkin_skip_building_tests' from command line to 'False'
[0.391s] DEBUG:colcon.colcon_core.verb:Building package 'py_bus_bringup' with the following arguments: {'ament_cmake_args': None, 'build_base': '/home/admin/ros2_bus/build/py_bus_bringup', 'catkin_cmake_args': None, 'catkin_skip_building_tests': False, 'cmake_args': None, 'cmake_clean_cache': False, 'cmake_clean_first': False, 'cmake_force_configure': False, 'cmake_target': None, 'cmake_target_skip_unavailable': False, 'install_base': '/home/admin/ros2_bus/install/py_bus_bringup', 'merge_install': False, 'path': '/home/admin/ros2_bus/src/py_bus_bringup', 'symlink_install': True, 'test_result_base': None}
[0.392s] Level 5:colcon.colcon_core.verb:set package 'py_bus_controller' build argument 'cmake_args' from command line to 'None'
[0.392s] Level 5:colcon.colcon_core.verb:set package 'py_bus_controller' build argument 'cmake_target' from command line to 'None'
[0.392s] Level 5:colcon.colcon_core.verb:set package 'py_bus_controller' build argument 'cmake_target_skip_unavailable' from command line to 'False'
[0.392s] Level 5:colcon.colcon_core.verb:set package 'py_bus_controller' build argument 'cmake_clean_cache' from command line to 'False'
[0.392s] Level 5:colcon.colcon_core.verb:set package 'py_bus_controller' build argument 'cmake_clean_first' from command line to 'False'
[0.392s] Level 5:colcon.colcon_core.verb:set package 'py_bus_controller' build argument 'cmake_force_configure' from command line to 'False'
[0.392s] Level 5:colcon.colcon_core.verb:set package 'py_bus_controller' build argument 'ament_cmake_args' from command line to 'None'
[0.392s] Level 5:colcon.colcon_core.verb:set package 'py_bus_controller' build argument 'catkin_cmake_args' from command line to 'None'
[0.392s] Level 5:colcon.colcon_core.verb:set package 'py_bus_controller' build argument 'catkin_skip_building_tests' from command line to 'False'
[0.392s] DEBUG:colcon.colcon_core.verb:Building package 'py_bus_controller' with the following arguments: {'ament_cmake_args': None, 'build_base': '/home/admin/ros2_bus/build/py_bus_controller', 'catkin_cmake_args': None, 'catkin_skip_building_tests': False, 'cmake_args': None, 'cmake_clean_cache': False, 'cmake_clean_first': False, 'cmake_force_configure': False, 'cmake_target': None, 'cmake_target_skip_unavailable': False, 'install_base': '/home/admin/ros2_bus/install/py_bus_controller', 'merge_install': False, 'path': '/home/admin/ros2_bus/src/py_bus_controller', 'symlink_install': True, 'test_result_base': None}
[0.392s] Level 5:colcon.colcon_core.verb:set package 'py_bus_driver' build argument 'cmake_args' from command line to 'None'
[0.392s] Level 5:colcon.colcon_core.verb:set package 'py_bus_driver' build argument 'cmake_target' from command line to 'None'
[0.392s] Level 5:colcon.colcon_core.verb:set package 'py_bus_driver' build argument 'cmake_target_skip_unavailable' from command line to 'False'
[0.392s] Level 5:colcon.colcon_core.verb:set package 'py_bus_driver' build argument 'cmake_clean_cache' from command line to 'False'
[0.392s] Level 5:colcon.colcon_core.verb:set package 'py_bus_driver' build argument 'cmake_clean_first' from command line to 'False'
[0.392s] Level 5:colcon.colcon_core.verb:set package 'py_bus_driver' build argument 'cmake_force_configure' from command line to 'False'
[0.392s] Level 5:colcon.colcon_core.verb:set package 'py_bus_driver' build argument 'ament_cmake_args' from command line to 'None'
[0.392s] Level 5:colcon.colcon_core.verb:set package 'py_bus_driver' build argument 'catkin_cmake_args' from command line to 'None'
[0.392s] Level 5:colcon.colcon_core.verb:set package 'py_bus_driver' build argument 'catkin_skip_building_tests' from command line to 'False'
[0.392s] DEBUG:colcon.colcon_core.verb:Building package 'py_bus_driver' with the following arguments: {'ament_cmake_args': None, 'build_base': '/home/admin/ros2_bus/build/py_bus_driver', 'catkin_cmake_args': None, 'catkin_skip_building_tests': False, 'cmake_args': None, 'cmake_clean_cache': False, 'cmake_clean_first': False, 'cmake_force_configure': False, 'cmake_target': None, 'cmake_target_skip_unavailable': False, 'install_base': '/home/admin/ros2_bus/install/py_bus_driver', 'merge_install': False, 'path': '/home/admin/ros2_bus/src/py_bus_driver', 'symlink_install': True, 'test_result_base': None}
[0.393s] Level 5:colcon.colcon_core.verb:set package 'py_bus_hmi' build argument 'cmake_args' from command line to 'None'
[0.393s] Level 5:colcon.colcon_core.verb:set package 'py_bus_hmi' build argument 'cmake_target' from command line to 'None'
[0.393s] Level 5:colcon.colcon_core.verb:set package 'py_bus_hmi' build argument 'cmake_target_skip_unavailable' from command line to 'False'
[0.393s] Level 5:colcon.colcon_core.verb:set package 'py_bus_hmi' build argument 'cmake_clean_cache' from command line to 'False'
[0.393s] Level 5:colcon.colcon_core.verb:set package 'py_bus_hmi' build argument 'cmake_clean_first' from command line to 'False'
[0.393s] Level 5:colcon.colcon_core.verb:set package 'py_bus_hmi' build argument 'cmake_force_configure' from command line to 'False'
[0.393s] Level 5:colcon.colcon_core.verb:set package 'py_bus_hmi' build argument 'ament_cmake_args' from command line to 'None'
[0.393s] Level 5:colcon.colcon_core.verb:set package 'py_bus_hmi' build argument 'catkin_cmake_args' from command line to 'None'
[0.393s] Level 5:colcon.colcon_core.verb:set package 'py_bus_hmi' build argument 'catkin_skip_building_tests' from command line to 'False'
[0.393s] DEBUG:colcon.colcon_core.verb:Building package 'py_bus_hmi' with the following arguments: {'ament_cmake_args': None, 'build_base': '/home/admin/ros2_bus/build/py_bus_hmi', 'catkin_cmake_args': None, 'catkin_skip_building_tests': False, 'cmake_args': None, 'cmake_clean_cache': False, 'cmake_clean_first': False, 'cmake_force_configure': False, 'cmake_target': None, 'cmake_target_skip_unavailable': False, 'install_base': '/home/admin/ros2_bus/install/py_bus_hmi', 'merge_install': False, 'path': '/home/admin/ros2_bus/src/py_bus_hmi', 'symlink_install': True, 'test_result_base': None}
[0.393s] Level 5:colcon.colcon_core.verb:set package 'py_bus_interfaces' build argument 'cmake_args' from command line to 'None'
[0.393s] Level 5:colcon.colcon_core.verb:set package 'py_bus_interfaces' build argument 'cmake_target' from command line to 'None'
[0.393s] Level 5:colcon.colcon_core.verb:set package 'py_bus_interfaces' build argument 'cmake_target_skip_unavailable' from command line to 'False'
[0.393s] Level 5:colcon.colcon_core.verb:set package 'py_bus_interfaces' build argument 'cmake_clean_cache' from command line to 'False'
[0.393s] Level 5:colcon.colcon_core.verb:set package 'py_bus_interfaces' build argument 'cmake_clean_first' from command line to 'False'
[0.393s] Level 5:colcon.colcon_core.verb:set package 'py_bus_interfaces' build argument 'cmake_force_configure' from command line to 'False'
[0.393s] Level 5:colcon.colcon_core.verb:set package 'py_bus_interfaces' build argument 'ament_cmake_args' from command line to 'None'
[0.393s] Level 5:colcon.colcon_core.verb:set package 'py_bus_interfaces' build argument 'catkin_cmake_args' from command line to 'None'
[0.393s] Level 5:colcon.colcon_core.verb:set package 'py_bus_interfaces' build argument 'catkin_skip_building_tests' from command line to 'False'
[0.393s] DEBUG:colcon.colcon_core.verb:Building package 'py_bus_interfaces' with the following arguments: {'ament_cmake_args': None, 'build_base': '/home/admin/ros2_bus/build/py_bus_interfaces', 'catkin_cmake_args': None, 'catkin_skip_building_tests': False, 'cmake_args': None, 'cmake_clean_cache': False, 'cmake_clean_first': False, 'cmake_force_configure': False, 'cmake_target': None, 'cmake_target_skip_unavailable': False, 'install_base': '/home/admin/ros2_bus/install/py_bus_interfaces', 'merge_install': False, 'path': '/home/admin/ros2_bus/src/py_bus_interfaces', 'symlink_install': True, 'test_result_base': None}
[0.394s] Level 5:colcon.colcon_core.verb:set package 'py_bus_localisation_logic' build argument 'cmake_args' from command line to 'None'
[0.394s] Level 5:colcon.colcon_core.verb:set package 'py_bus_localisation_logic' build argument 'cmake_target' from command line to 'None'
[0.394s] Level 5:colcon.colcon_core.verb:set package 'py_bus_localisation_logic' build argument 'cmake_target_skip_unavailable' from command line to 'False'
[0.394s] Level 5:colcon.colcon_core.verb:set package 'py_bus_localisation_logic' build argument 'cmake_clean_cache' from command line to 'False'
[0.394s] Level 5:colcon.colcon_core.verb:set package 'py_bus_localisation_logic' build argument 'cmake_clean_first' from command line to 'False'
[0.394s] Level 5:colcon.colcon_core.verb:set package 'py_bus_localisation_logic' build argument 'cmake_force_configure' from command line to 'False'
[0.394s] Level 5:colcon.colcon_core.verb:set package 'py_bus_localisation_logic' build argument 'ament_cmake_args' from command line to 'None'
[0.394s] Level 5:colcon.colcon_core.verb:set package 'py_bus_localisation_logic' build argument 'catkin_cmake_args' from command line to 'None'
[0.394s] Level 5:colcon.colcon_core.verb:set package 'py_bus_localisation_logic' build argument 'catkin_skip_building_tests' from command line to 'False'
[0.394s] DEBUG:colcon.colcon_core.verb:Building package 'py_bus_localisation_logic' with the following arguments: {'ament_cmake_args': None, 'build_base': '/home/admin/ros2_bus/build/py_bus_localisation_logic', 'catkin_cmake_args': None, 'catkin_skip_building_tests': False, 'cmake_args': None, 'cmake_clean_cache': False, 'cmake_clean_first': False, 'cmake_force_configure': False, 'cmake_target': None, 'cmake_target_skip_unavailable': False, 'install_base': '/home/admin/ros2_bus/install/py_bus_localisation_logic', 'merge_install': False, 'path': '/home/admin/ros2_bus/src/py_bus_localisation_logic', 'symlink_install': True, 'test_result_base': None}
[0.394s] Level 5:colcon.colcon_core.verb:set package 'py_bus_nav' build argument 'cmake_args' from command line to 'None'
[0.394s] Level 5:colcon.colcon_core.verb:set package 'py_bus_nav' build argument 'cmake_target' from command line to 'None'
[0.394s] Level 5:colcon.colcon_core.verb:set package 'py_bus_nav' build argument 'cmake_target_skip_unavailable' from command line to 'False'
[0.394s] Level 5:colcon.colcon_core.verb:set package 'py_bus_nav' build argument 'cmake_clean_cache' from command line to 'False'
[0.394s] Level 5:colcon.colcon_core.verb:set package 'py_bus_nav' build argument 'cmake_clean_first' from command line to 'False'
[0.394s] Level 5:colcon.colcon_core.verb:set package 'py_bus_nav' build argument 'cmake_force_configure' from command line to 'False'
[0.394s] Level 5:colcon.colcon_core.verb:set package 'py_bus_nav' build argument 'ament_cmake_args' from command line to 'None'
[0.394s] Level 5:colcon.colcon_core.verb:set package 'py_bus_nav' build argument 'catkin_cmake_args' from command line to 'None'
[0.394s] Level 5:colcon.colcon_core.verb:set package 'py_bus_nav' build argument 'catkin_skip_building_tests' from command line to 'False'
[0.394s] DEBUG:colcon.colcon_core.verb:Building package 'py_bus_nav' with the following arguments: {'ament_cmake_args': None, 'build_base': '/home/admin/ros2_bus/build/py_bus_nav', 'catkin_cmake_args': None, 'catkin_skip_building_tests': False, 'cmake_args': None, 'cmake_clean_cache': False, 'cmake_clean_first': False, 'cmake_force_configure': False, 'cmake_target': None, 'cmake_target_skip_unavailable': False, 'install_base': '/home/admin/ros2_bus/install/py_bus_nav', 'merge_install': False, 'path': '/home/admin/ros2_bus/src/py_bus_nav', 'symlink_install': True, 'test_result_base': None}
[0.395s] Level 5:colcon.colcon_core.verb:set package 'py_bus_perception_hw' build argument 'cmake_args' from command line to 'None'
[0.395s] Level 5:colcon.colcon_core.verb:set package 'py_bus_perception_hw' build argument 'cmake_target' from command line to 'None'
[0.395s] Level 5:colcon.colcon_core.verb:set package 'py_bus_perception_hw' build argument 'cmake_target_skip_unavailable' from command line to 'False'
[0.395s] Level 5:colcon.colcon_core.verb:set package 'py_bus_perception_hw' build argument 'cmake_clean_cache' from command line to 'False'
[0.395s] Level 5:colcon.colcon_core.verb:set package 'py_bus_perception_hw' build argument 'cmake_clean_first' from command line to 'False'
[0.395s] Level 5:colcon.colcon_core.verb:set package 'py_bus_perception_hw' build argument 'cmake_force_configure' from command line to 'False'
[0.395s] Level 5:colcon.colcon_core.verb:set package 'py_bus_perception_hw' build argument 'ament_cmake_args' from command line to 'None'
[0.395s] Level 5:colcon.colcon_core.verb:set package 'py_bus_perception_hw' build argument 'catkin_cmake_args' from command line to 'None'
[0.395s] Level 5:colcon.colcon_core.verb:set package 'py_bus_perception_hw' build argument 'catkin_skip_building_tests' from command line to 'False'
[0.395s] DEBUG:colcon.colcon_core.verb:Building package 'py_bus_perception_hw' with the following arguments: {'ament_cmake_args': None, 'build_base': '/home/admin/ros2_bus/build/py_bus_perception_hw', 'catkin_cmake_args': None, 'catkin_skip_building_tests': False, 'cmake_args': None, 'cmake_clean_cache': False, 'cmake_clean_first': False, 'cmake_force_configure': False, 'cmake_target': None, 'cmake_target_skip_unavailable': False, 'install_base': '/home/admin/ros2_bus/install/py_bus_perception_hw', 'merge_install': False, 'path': '/home/admin/ros2_bus/src/py_bus_perception_hw', 'symlink_install': True, 'test_result_base': None}
[0.395s] Level 5:colcon.colcon_core.verb:set package 'py_bus_perception_logic' build argument 'cmake_args' from command line to 'None'
[0.395s] Level 5:colcon.colcon_core.verb:set package 'py_bus_perception_logic' build argument 'cmake_target' from command line to 'None'
[0.395s] Level 5:colcon.colcon_core.verb:set package 'py_bus_perception_logic' build argument 'cmake_target_skip_unavailable' from command line to 'False'
[0.395s] Level 5:colcon.colcon_core.verb:set package 'py_bus_perception_logic' build argument 'cmake_clean_cache' from command line to 'False'
[0.395s] Level 5:colcon.colcon_core.verb:set package 'py_bus_perception_logic' build argument 'cmake_clean_first' from command line to 'False'
[0.395s] Level 5:colcon.colcon_core.verb:set package 'py_bus_perception_logic' build argument 'cmake_force_configure' from command line to 'False'
[0.395s] Level 5:colcon.colcon_core.verb:set package 'py_bus_perception_logic' build argument 'ament_cmake_args' from command line to 'None'
[0.395s] Level 5:colcon.colcon_core.verb:set package 'py_bus_perception_logic' build argument 'catkin_cmake_args' from command line to 'None'
[0.395s] Level 5:colcon.colcon_core.verb:set package 'py_bus_perception_logic' build argument 'catkin_skip_building_tests' from command line to 'False'
[0.395s] DEBUG:colcon.colcon_core.verb:Building package 'py_bus_perception_logic' with the following arguments: {'ament_cmake_args': None, 'build_base': '/home/admin/ros2_bus/build/py_bus_perception_logic', 'catkin_cmake_args': None, 'catkin_skip_building_tests': False, 'cmake_args': None, 'cmake_clean_cache': False, 'cmake_clean_first': False, 'cmake_force_configure': False, 'cmake_target': None, 'cmake_target_skip_unavailable': False, 'install_base': '/home/admin/ros2_bus/install/py_bus_perception_logic', 'merge_install': False, 'path': '/home/admin/ros2_bus/src/py_bus_perception_logic', 'symlink_install': True, 'test_result_base': None}
[0.396s] Level 5:colcon.colcon_core.verb:set package 'py_bus_localisation_hw' build argument 'cmake_args' from command line to 'None'
[0.396s] Level 5:colcon.colcon_core.verb:set package 'py_bus_localisation_hw' build argument 'cmake_target' from command line to 'None'
[0.396s] Level 5:colcon.colcon_core.verb:set package 'py_bus_localisation_hw' build argument 'cmake_target_skip_unavailable' from command line to 'False'
[0.396s] Level 5:colcon.colcon_core.verb:set package 'py_bus_localisation_hw' build argument 'cmake_clean_cache' from command line to 'False'
[0.396s] Level 5:colcon.colcon_core.verb:set package 'py_bus_localisation_hw' build argument 'cmake_clean_first' from command line to 'False'
[0.396s] Level 5:colcon.colcon_core.verb:set package 'py_bus_localisation_hw' build argument 'cmake_force_configure' from command line to 'False'
[0.396s] Level 5:colcon.colcon_core.verb:set package 'py_bus_localisation_hw' build argument 'ament_cmake_args' from command line to 'None'
[0.396s] Level 5:colcon.colcon_core.verb:set package 'py_bus_localisation_hw' build argument 'catkin_cmake_args' from command line to 'None'
[0.396s] Level 5:colcon.colcon_core.verb:set package 'py_bus_localisation_hw' build argument 'catkin_skip_building_tests' from command line to 'False'
[0.396s] DEBUG:colcon.colcon_core.verb:Building package 'py_bus_localisation_hw' with the following arguments: {'ament_cmake_args': None, 'build_base': '/home/admin/ros2_bus/build/py_bus_localisation_hw', 'catkin_cmake_args': None, 'catkin_skip_building_tests': False, 'cmake_args': None, 'cmake_clean_cache': False, 'cmake_clean_first': False, 'cmake_force_configure': False, 'cmake_target': None, 'cmake_target_skip_unavailable': False, 'install_base': '/home/admin/ros2_bus/install/py_bus_localisation_hw', 'merge_install': False, 'path': '/home/admin/ros2_bus/src/py_bus_localisation_hw', 'symlink_install': True, 'test_result_base': None}
[0.396s] INFO:colcon.colcon_core.executor:Executing jobs using 'parallel' executor
[0.397s] DEBUG:colcon.colcon_parallel_executor.executor.parallel:run_until_complete
[0.398s] INFO:colcon.colcon_ros.task.ament_cmake.build:Building ROS package in '/home/admin/ros2_bus/src/py_bus_interfaces' with build type 'ament_cmake'
[0.398s] INFO:colcon.colcon_cmake.task.cmake.build:Building CMake package in '/home/admin/ros2_bus/src/py_bus_interfaces'
[0.401s] INFO:colcon.colcon_core.plugin_system:Skipping extension 'colcon_core.shell.bat': Not used on non-Windows systems
[0.401s] INFO:colcon.colcon_core.shell:Skip shell extension 'powershell' for command environment: Not usable outside of PowerShell
[0.401s] DEBUG:colcon.colcon_core.shell:Skip shell extension 'dsv' for command environment
[0.406s] INFO:colcon.colcon_ros.task.ament_cmake.build:Building ROS package in '/home/admin/ros2_bus/src/camera_ros' with build type 'ament_cmake'
[0.406s] INFO:colcon.colcon_cmake.task.cmake.build:Building CMake package in '/home/admin/ros2_bus/src/camera_ros'
[0.407s] INFO:colcon.colcon_core.shell:Skip shell extension 'powershell' for command environment: Not usable outside of PowerShell
[0.407s] DEBUG:colcon.colcon_core.shell:Skip shell extension 'dsv' for command environment
[0.412s] INFO:colcon.colcon_ros.task.ament_python.build:Building ROS package in '/home/admin/ros2_bus/src/py_bus_behavior' with build type 'ament_python'
[0.413s] Level 1:colcon.colcon_core.shell:create_environment_hook('py_bus_behavior', 'ament_prefix_path')
[0.413s] INFO:colcon.colcon_core.shell:Creating environment hook '/home/admin/ros2_bus/install/py_bus_behavior/share/py_bus_behavior/hook/ament_prefix_path.ps1'
[0.414s] INFO:colcon.colcon_core.shell:Creating environment descriptor '/home/admin/ros2_bus/install/py_bus_behavior/share/py_bus_behavior/hook/ament_prefix_path.dsv'
[0.415s] INFO:colcon.colcon_core.shell:Creating environment hook '/home/admin/ros2_bus/install/py_bus_behavior/share/py_bus_behavior/hook/ament_prefix_path.sh'
[0.416s] INFO:colcon.colcon_core.shell:Skip shell extension 'powershell' for command environment: Not usable outside of PowerShell
[0.416s] DEBUG:colcon.colcon_core.shell:Skip shell extension 'dsv' for command environment
[0.421s] INFO:colcon.colcon_ros.task.ament_python.build:Building ROS package in '/home/admin/ros2_bus/src/py_bus_bringup' with build type 'ament_python'
[0.421s] Level 1:colcon.colcon_core.shell:create_environment_hook('py_bus_bringup', 'ament_prefix_path')
[0.421s] INFO:colcon.colcon_core.shell:Creating environment hook '/home/admin/ros2_bus/install/py_bus_bringup/share/py_bus_bringup/hook/ament_prefix_path.ps1'
[0.422s] INFO:colcon.colcon_core.shell:Creating environment descriptor '/home/admin/ros2_bus/install/py_bus_bringup/share/py_bus_bringup/hook/ament_prefix_path.dsv'
[0.423s] INFO:colcon.colcon_core.shell:Creating environment hook '/home/admin/ros2_bus/install/py_bus_bringup/share/py_bus_bringup/hook/ament_prefix_path.sh'
[0.424s] INFO:colcon.colcon_core.shell:Skip shell extension 'powershell' for command environment: Not usable outside of PowerShell
[0.424s] DEBUG:colcon.colcon_core.shell:Skip shell extension 'dsv' for command environment
[0.434s] DEBUG:colcon.colcon_core.event_handler.log_command:Invoking command in '/home/admin/ros2_bus/build/py_bus_interfaces': CMAKE_PREFIX_PATH=${CMAKE_PREFIX_PATH}:/home/admin/ros2_bus/install/py_bus_perception_logic:/home/admin/ros2_bus/install/py_bus_perception_hw:/home/admin/ros2_bus/install/py_bus_nav:/home/admin/ros2_bus/install/py_bus_localisation_logic:/home/admin/ros2_bus/install/py_bus_localisation_hw:/home/admin/ros2_bus/install/py_bus_hmi:/home/admin/ros2_bus/install/py_bus_driver:/home/admin/ros2_bus/install/py_bus_controller:/home/admin/ros2_bus/install/py_bus_bringup:/home/admin/ros2_bus/install/py_bus_behavior:/opt/ros/kilted /usr/bin/cmake /home/admin/ros2_bus/src/py_bus_interfaces -DAMENT_CMAKE_SYMLINK_INSTALL=1 -DCMAKE_INSTALL_PREFIX=/home/admin/ros2_bus/install/py_bus_interfaces
[0.437s] DEBUG:colcon.colcon_core.event_handler.log_command:Invoking command in '/home/admin/ros2_bus/build/camera_ros': CMAKE_PREFIX_PATH=${CMAKE_PREFIX_PATH}:/home/admin/ros2_bus/install/py_bus_perception_logic:/home/admin/ros2_bus/install/py_bus_perception_hw:/home/admin/ros2_bus/install/py_bus_nav:/home/admin/ros2_bus/install/py_bus_localisation_logic:/home/admin/ros2_bus/install/py_bus_localisation_hw:/home/admin/ros2_bus/install/py_bus_hmi:/home/admin/ros2_bus/install/py_bus_driver:/home/admin/ros2_bus/install/py_bus_controller:/home/admin/ros2_bus/install/py_bus_bringup:/home/admin/ros2_bus/install/py_bus_behavior:/opt/ros/kilted /usr/bin/cmake /home/admin/ros2_bus/src/camera_ros -DAMENT_CMAKE_SYMLINK_INSTALL=1 -DCMAKE_INSTALL_PREFIX=/home/admin/ros2_bus/install/camera_ros
[0.998s] INFO:colcon.colcon_core.task.python.build:Building Python package in '/home/admin/ros2_bus/src/py_bus_behavior'
[0.998s] INFO:colcon.colcon_core.shell:Skip shell extension 'powershell' for command environment: Not usable outside of PowerShell
[0.998s] DEBUG:colcon.colcon_core.shell:Skip shell extension 'dsv' for command environment
[1.552s] INFO:colcon.colcon_core.task.python.build:Building Python package in '/home/admin/ros2_bus/src/py_bus_bringup'
[1.553s] INFO:colcon.colcon_core.shell:Skip shell extension 'powershell' for command environment: Not usable outside of PowerShell
[1.553s] DEBUG:colcon.colcon_core.shell:Skip shell extension 'dsv' for command environment
[3.097s] DEBUG:colcon.colcon_core.event_handler.log_command:Invoking command in '/home/admin/ros2_bus/build/py_bus_behavior': PYTHONPATH=/home/admin/ros2_bus/build/py_bus_behavior/prefix_override:/usr/lib/python3/dist-packages/colcon_core/task/python/colcon_distutils_commands:/home/admin/ros2_bus/install/py_bus_behavior/lib/python3.12/site-packages:${PYTHONPATH} /usr/bin/python3 -W ignore:setup.py install is deprecated -W ignore:easy_install command is deprecated setup.py develop --editable --build-directory /home/admin/ros2_bus/build/py_bus_behavior/build --no-deps symlink_data
[3.144s] DEBUG:colcon.colcon_core.event_handler.log_command:Invoking command in '/home/admin/ros2_bus/build/py_bus_bringup': PYTHONPATH=/home/admin/ros2_bus/build/py_bus_bringup/prefix_override:/usr/lib/python3/dist-packages/colcon_core/task/python/colcon_distutils_commands:/home/admin/ros2_bus/install/py_bus_bringup/lib/python3.12/site-packages:${PYTHONPATH} /usr/bin/python3 -W ignore:setup.py install is deprecated -W ignore:easy_install command is deprecated setup.py develop --editable --build-directory /home/admin/ros2_bus/build/py_bus_bringup/build --no-deps symlink_data
[3.874s] DEBUG:colcon.colcon_core.event_handler.log_command:Invoked command in '/home/admin/ros2_bus/build/camera_ros' returned '0': CMAKE_PREFIX_PATH=${CMAKE_PREFIX_PATH}:/home/admin/ros2_bus/install/py_bus_perception_logic:/home/admin/ros2_bus/install/py_bus_perception_hw:/home/admin/ros2_bus/install/py_bus_nav:/home/admin/ros2_bus/install/py_bus_localisation_logic:/home/admin/ros2_bus/install/py_bus_localisation_hw:/home/admin/ros2_bus/install/py_bus_hmi:/home/admin/ros2_bus/install/py_bus_driver:/home/admin/ros2_bus/install/py_bus_controller:/home/admin/ros2_bus/install/py_bus_bringup:/home/admin/ros2_bus/install/py_bus_behavior:/opt/ros/kilted /usr/bin/cmake /home/admin/ros2_bus/src/camera_ros -DAMENT_CMAKE_SYMLINK_INSTALL=1 -DCMAKE_INSTALL_PREFIX=/home/admin/ros2_bus/install/camera_ros
[3.875s] DEBUG:colcon.colcon_core.event_handler.log_command:Invoking command in '/home/admin/ros2_bus/build/camera_ros': CMAKE_PREFIX_PATH=${CMAKE_PREFIX_PATH}:/home/admin/ros2_bus/install/py_bus_perception_logic:/home/admin/ros2_bus/install/py_bus_perception_hw:/home/admin/ros2_bus/install/py_bus_nav:/home/admin/ros2_bus/install/py_bus_localisation_logic:/home/admin/ros2_bus/install/py_bus_localisation_hw:/home/admin/ros2_bus/install/py_bus_hmi:/home/admin/ros2_bus/install/py_bus_driver:/home/admin/ros2_bus/install/py_bus_controller:/home/admin/ros2_bus/install/py_bus_bringup:/home/admin/ros2_bus/install/py_bus_behavior:/opt/ros/kilted /usr/bin/cmake --build /home/admin/ros2_bus/build/camera_ros -- -j4 -l4
[4.982s] Level 1:colcon.colcon_core.shell:create_environment_hook('py_bus_behavior', 'pythonpath_develop')
[4.983s] INFO:colcon.colcon_core.shell:Creating environment hook '/home/admin/ros2_bus/build/py_bus_behavior/share/py_bus_behavior/hook/pythonpath_develop.ps1'
[4.986s] DEBUG:colcon.colcon_core.event_handler.log_command:Invoked command in '/home/admin/ros2_bus/build/py_bus_behavior' returned '0': PYTHONPATH=/home/admin/ros2_bus/build/py_bus_behavior/prefix_override:/usr/lib/python3/dist-packages/colcon_core/task/python/colcon_distutils_commands:/home/admin/ros2_bus/install/py_bus_behavior/lib/python3.12/site-packages:${PYTHONPATH} /usr/bin/python3 -W ignore:setup.py install is deprecated -W ignore:easy_install command is deprecated setup.py develop --editable --build-directory /home/admin/ros2_bus/build/py_bus_behavior/build --no-deps symlink_data
[4.986s] INFO:colcon.colcon_core.shell:Creating environment descriptor '/home/admin/ros2_bus/build/py_bus_behavior/share/py_bus_behavior/hook/pythonpath_develop.dsv'
[4.987s] INFO:colcon.colcon_core.shell:Creating environment hook '/home/admin/ros2_bus/build/py_bus_behavior/share/py_bus_behavior/hook/pythonpath_develop.sh'
[4.992s] Level 1:colcon.colcon_core.environment:checking '/home/admin/ros2_bus/install/py_bus_behavior' for CMake module files
[4.993s] Level 1:colcon.colcon_core.environment:checking '/home/admin/ros2_bus/install/py_bus_behavior' for CMake config files
[4.995s] Level 1:colcon.colcon_core.environment:checking '/home/admin/ros2_bus/install/py_bus_behavior/lib'
[4.995s] Level 1:colcon.colcon_core.environment:checking '/home/admin/ros2_bus/install/py_bus_behavior/bin'
[4.995s] Level 1:colcon.colcon_core.environment:checking '/home/admin/ros2_bus/install/py_bus_behavior/lib/pkgconfig/py_bus_behavior.pc'
[4.996s] Level 1:colcon.colcon_core.environment:checking '/home/admin/ros2_bus/install/py_bus_behavior/lib/python3.12/site-packages'
[4.996s] Level 1:colcon.colcon_core.shell:create_environment_hook('py_bus_behavior', 'pythonpath')
[4.997s] INFO:colcon.colcon_core.shell:Creating environment hook '/home/admin/ros2_bus/install/py_bus_behavior/share/py_bus_behavior/hook/pythonpath.ps1'
[4.998s] INFO:colcon.colcon_core.shell:Creating environment descriptor '/home/admin/ros2_bus/install/py_bus_behavior/share/py_bus_behavior/hook/pythonpath.dsv'
[4.999s] INFO:colcon.colcon_core.shell:Creating environment hook '/home/admin/ros2_bus/install/py_bus_behavior/share/py_bus_behavior/hook/pythonpath.sh'
[5.001s] Level 1:colcon.colcon_core.environment:checking '/home/admin/ros2_bus/install/py_bus_behavior/bin'
[5.001s] Level 1:colcon.colcon_core.environment:create_environment_scripts_only(py_bus_behavior)
[5.002s] INFO:colcon.colcon_core.shell:Creating package script '/home/admin/ros2_bus/install/py_bus_behavior/share/py_bus_behavior/package.ps1'
[5.004s] INFO:colcon.colcon_core.shell:Creating package descriptor '/home/admin/ros2_bus/install/py_bus_behavior/share/py_bus_behavior/package.dsv'
[5.005s] INFO:colcon.colcon_core.shell:Creating package script '/home/admin/ros2_bus/install/py_bus_behavior/share/py_bus_behavior/package.sh'
[5.007s] INFO:colcon.colcon_core.shell:Creating package script '/home/admin/ros2_bus/install/py_bus_behavior/share/py_bus_behavior/package.bash'
[5.008s] INFO:colcon.colcon_core.shell:Creating package script '/home/admin/ros2_bus/install/py_bus_behavior/share/py_bus_behavior/package.zsh'
[5.009s] Level 1:colcon.colcon_core.environment:create_file_with_runtime_dependencies(/home/admin/ros2_bus/install/py_bus_behavior/share/colcon-core/packages/py_bus_behavior)
[5.011s] INFO:colcon.colcon_ros.task.ament_python.build:Building ROS package in '/home/admin/ros2_bus/src/py_bus_controller' with build type 'ament_python'
[5.011s] Level 1:colcon.colcon_core.shell:create_environment_hook('py_bus_controller', 'ament_prefix_path')
[5.012s] INFO:colcon.colcon_core.shell:Creating environment hook '/home/admin/ros2_bus/install/py_bus_controller/share/py_bus_controller/hook/ament_prefix_path.ps1'
[5.015s] INFO:colcon.colcon_core.shell:Creating environment descriptor '/home/admin/ros2_bus/install/py_bus_controller/share/py_bus_controller/hook/ament_prefix_path.dsv'
[5.015s] INFO:colcon.colcon_core.shell:Creating environment hook '/home/admin/ros2_bus/install/py_bus_controller/share/py_bus_controller/hook/ament_prefix_path.sh'
[5.016s] INFO:colcon.colcon_core.shell:Skip shell extension 'powershell' for command environment: Not usable outside of PowerShell
[5.016s] DEBUG:colcon.colcon_core.shell:Skip shell extension 'dsv' for command environment
[5.024s] Level 1:colcon.colcon_core.shell:create_environment_hook('py_bus_bringup', 'pythonpath_develop')
[5.024s] DEBUG:colcon.colcon_core.event_handler.log_command:Invoked command in '/home/admin/ros2_bus/build/py_bus_bringup' returned '0': PYTHONPATH=/home/admin/ros2_bus/build/py_bus_bringup/prefix_override:/usr/lib/python3/dist-packages/colcon_core/task/python/colcon_distutils_commands:/home/admin/ros2_bus/install/py_bus_bringup/lib/python3.12/site-packages:${PYTHONPATH} /usr/bin/python3 -W ignore:setup.py install is deprecated -W ignore:easy_install command is deprecated setup.py develop --editable --build-directory /home/admin/ros2_bus/build/py_bus_bringup/build --no-deps symlink_data
[5.025s] INFO:colcon.colcon_core.shell:Creating environment hook '/home/admin/ros2_bus/build/py_bus_bringup/share/py_bus_bringup/hook/pythonpath_develop.ps1'
[5.026s] INFO:colcon.colcon_core.shell:Creating environment descriptor '/home/admin/ros2_bus/build/py_bus_bringup/share/py_bus_bringup/hook/pythonpath_develop.dsv'
[5.027s] INFO:colcon.colcon_core.shell:Creating environment hook '/home/admin/ros2_bus/build/py_bus_bringup/share/py_bus_bringup/hook/pythonpath_develop.sh'
[5.028s] Level 1:colcon.colcon_core.environment:checking '/home/admin/ros2_bus/install/py_bus_bringup' for CMake module files
[5.029s] Level 1:colcon.colcon_core.environment:checking '/home/admin/ros2_bus/install/py_bus_bringup' for CMake config files
[5.029s] Level 1:colcon.colcon_core.environment:checking '/home/admin/ros2_bus/install/py_bus_bringup/lib'
[5.030s] Level 1:colcon.colcon_core.environment:checking '/home/admin/ros2_bus/install/py_bus_bringup/bin'
[5.030s] Level 1:colcon.colcon_core.environment:checking '/home/admin/ros2_bus/install/py_bus_bringup/lib/pkgconfig/py_bus_bringup.pc'
[5.030s] Level 1:colcon.colcon_core.environment:checking '/home/admin/ros2_bus/install/py_bus_bringup/lib/python3.12/site-packages'
[5.030s] Level 1:colcon.colcon_core.shell:create_environment_hook('py_bus_bringup', 'pythonpath')
[5.031s] INFO:colcon.colcon_core.shell:Creating environment hook '/home/admin/ros2_bus/install/py_bus_bringup/share/py_bus_bringup/hook/pythonpath.ps1'
[5.032s] INFO:colcon.colcon_core.shell:Creating environment descriptor '/home/admin/ros2_bus/install/py_bus_bringup/share/py_bus_bringup/hook/pythonpath.dsv'
[5.032s] INFO:colcon.colcon_core.shell:Creating environment hook '/home/admin/ros2_bus/install/py_bus_bringup/share/py_bus_bringup/hook/pythonpath.sh'
[5.034s] Level 1:colcon.colcon_core.environment:checking '/home/admin/ros2_bus/install/py_bus_bringup/bin'
[5.034s] Level 1:colcon.colcon_core.environment:create_environment_scripts_only(py_bus_bringup)
[5.034s] INFO:colcon.colcon_core.shell:Creating package script '/home/admin/ros2_bus/install/py_bus_bringup/share/py_bus_bringup/package.ps1'
[5.035s] INFO:colcon.colcon_core.shell:Creating package descriptor '/home/admin/ros2_bus/install/py_bus_bringup/share/py_bus_bringup/package.dsv'
[5.036s] INFO:colcon.colcon_core.shell:Creating package script '/home/admin/ros2_bus/install/py_bus_bringup/share/py_bus_bringup/package.sh'
[5.037s] INFO:colcon.colcon_core.shell:Creating package script '/home/admin/ros2_bus/install/py_bus_bringup/share/py_bus_bringup/package.bash'
[5.038s] INFO:colcon.colcon_core.shell:Creating package script '/home/admin/ros2_bus/install/py_bus_bringup/share/py_bus_bringup/package.zsh'
[5.038s] Level 1:colcon.colcon_core.environment:create_file_with_runtime_dependencies(/home/admin/ros2_bus/install/py_bus_bringup/share/colcon-core/packages/py_bus_bringup)
[5.040s] INFO:colcon.colcon_ros.task.ament_python.build:Building ROS package in '/home/admin/ros2_bus/src/py_bus_driver' with build type 'ament_python'
[5.040s] Level 1:colcon.colcon_core.shell:create_environment_hook('py_bus_driver', 'ament_prefix_path')
[5.040s] INFO:colcon.colcon_core.shell:Creating environment hook '/home/admin/ros2_bus/install/py_bus_driver/share/py_bus_driver/hook/ament_prefix_path.ps1'
[5.042s] INFO:colcon.colcon_core.shell:Creating environment descriptor '/home/admin/ros2_bus/install/py_bus_driver/share/py_bus_driver/hook/ament_prefix_path.dsv'
[5.043s] INFO:colcon.colcon_core.shell:Creating environment hook '/home/admin/ros2_bus/install/py_bus_driver/share/py_bus_driver/hook/ament_prefix_path.sh'
[5.044s] INFO:colcon.colcon_core.shell:Skip shell extension 'powershell' for command environment: Not usable outside of PowerShell
[5.044s] DEBUG:colcon.colcon_core.shell:Skip shell extension 'dsv' for command environment
[5.595s] INFO:colcon.colcon_core.task.python.build:Building Python package in '/home/admin/ros2_bus/src/py_bus_controller'
[5.595s] INFO:colcon.colcon_core.shell:Skip shell extension 'powershell' for command environment: Not usable outside of PowerShell
[5.595s] DEBUG:colcon.colcon_core.shell:Skip shell extension 'dsv' for command environment
[6.128s] INFO:colcon.colcon_core.task.python.build:Building Python package in '/home/admin/ros2_bus/src/py_bus_driver'
[6.129s] INFO:colcon.colcon_core.shell:Skip shell extension 'powershell' for command environment: Not usable outside of PowerShell
[6.129s] DEBUG:colcon.colcon_core.shell:Skip shell extension 'dsv' for command environment
[7.624s] DEBUG:colcon.colcon_core.event_handler.log_command:Invoked command in '/home/admin/ros2_bus/build/py_bus_interfaces' returned '0': CMAKE_PREFIX_PATH=${CMAKE_PREFIX_PATH}:/home/admin/ros2_bus/install/py_bus_perception_logic:/home/admin/ros2_bus/install/py_bus_perception_hw:/home/admin/ros2_bus/install/py_bus_nav:/home/admin/ros2_bus/install/py_bus_localisation_logic:/home/admin/ros2_bus/install/py_bus_localisation_hw:/home/admin/ros2_bus/install/py_bus_hmi:/home/admin/ros2_bus/install/py_bus_driver:/home/admin/ros2_bus/install/py_bus_controller:/home/admin/ros2_bus/install/py_bus_bringup:/home/admin/ros2_bus/install/py_bus_behavior:/opt/ros/kilted /usr/bin/cmake /home/admin/ros2_bus/src/py_bus_interfaces -DAMENT_CMAKE_SYMLINK_INSTALL=1 -DCMAKE_INSTALL_PREFIX=/home/admin/ros2_bus/install/py_bus_interfaces
[7.625s] DEBUG:colcon.colcon_core.event_handler.log_command:Invoking command in '/home/admin/ros2_bus/build/py_bus_interfaces': CMAKE_PREFIX_PATH=${CMAKE_PREFIX_PATH}:/home/admin/ros2_bus/install/py_bus_perception_logic:/home/admin/ros2_bus/install/py_bus_perception_hw:/home/admin/ros2_bus/install/py_bus_nav:/home/admin/ros2_bus/install/py_bus_localisation_logic:/home/admin/ros2_bus/install/py_bus_localisation_hw:/home/admin/ros2_bus/install/py_bus_hmi:/home/admin/ros2_bus/install/py_bus_driver:/home/admin/ros2_bus/install/py_bus_controller:/home/admin/ros2_bus/install/py_bus_bringup:/home/admin/ros2_bus/install/py_bus_behavior:/opt/ros/kilted /usr/bin/cmake --build /home/admin/ros2_bus/build/py_bus_interfaces -- -j4 -l4
[7.938s] DEBUG:colcon.colcon_core.event_handler.log_command:Invoking command in '/home/admin/ros2_bus/build/py_bus_controller': PYTHONPATH=/home/admin/ros2_bus/build/py_bus_controller/prefix_override:/usr/lib/python3/dist-packages/colcon_core/task/python/colcon_distutils_commands:/home/admin/ros2_bus/install/py_bus_controller/lib/python3.12/site-packages:${PYTHONPATH} /usr/bin/python3 -W ignore:setup.py install is deprecated -W ignore:easy_install command is deprecated setup.py develop --editable --build-directory /home/admin/ros2_bus/build/py_bus_controller/build --no-deps symlink_data
[8.019s] DEBUG:colcon.colcon_core.event_handler.log_command:Invoking command in '/home/admin/ros2_bus/build/py_bus_driver': PYTHONPATH=/home/admin/ros2_bus/build/py_bus_driver/prefix_override:/usr/lib/python3/dist-packages/colcon_core/task/python/colcon_distutils_commands:/home/admin/ros2_bus/install/py_bus_driver/lib/python3.12/site-packages:${PYTHONPATH} /usr/bin/python3 -W ignore:setup.py install is deprecated -W ignore:easy_install command is deprecated setup.py develop --editable --build-directory /home/admin/ros2_bus/build/py_bus_driver/build --no-deps symlink_data
[9.839s] Level 1:colcon.colcon_core.shell:create_environment_hook('py_bus_controller', 'pythonpath_develop')
[9.840s] INFO:colcon.colcon_core.shell:Creating environment hook '/home/admin/ros2_bus/build/py_bus_controller/share/py_bus_controller/hook/pythonpath_develop.ps1'
[9.842s] DEBUG:colcon.colcon_core.event_handler.log_command:Invoked command in '/home/admin/ros2_bus/build/py_bus_controller' returned '0': PYTHONPATH=/home/admin/ros2_bus/build/py_bus_controller/prefix_override:/usr/lib/python3/dist-packages/colcon_core/task/python/colcon_distutils_commands:/home/admin/ros2_bus/install/py_bus_controller/lib/python3.12/site-packages:${PYTHONPATH} /usr/bin/python3 -W ignore:setup.py install is deprecated -W ignore:easy_install command is deprecated setup.py develop --editable --build-directory /home/admin/ros2_bus/build/py_bus_controller/build --no-deps symlink_data
[9.842s] INFO:colcon.colcon_core.shell:Creating environment descriptor '/home/admin/ros2_bus/build/py_bus_controller/share/py_bus_controller/hook/pythonpath_develop.dsv'
[9.843s] INFO:colcon.colcon_core.shell:Creating environment hook '/home/admin/ros2_bus/build/py_bus_controller/share/py_bus_controller/hook/pythonpath_develop.sh'
[9.845s] Level 1:colcon.colcon_core.environment:checking '/home/admin/ros2_bus/install/py_bus_controller' for CMake module files
[9.846s] Level 1:colcon.colcon_core.environment:checking '/home/admin/ros2_bus/install/py_bus_controller' for CMake config files
[9.847s] Level 1:colcon.colcon_core.environment:checking '/home/admin/ros2_bus/install/py_bus_controller/lib'
[9.847s] Level 1:colcon.colcon_core.environment:checking '/home/admin/ros2_bus/install/py_bus_controller/bin'
[9.847s] Level 1:colcon.colcon_core.environment:checking '/home/admin/ros2_bus/install/py_bus_controller/lib/pkgconfig/py_bus_controller.pc'
[9.847s] Level 1:colcon.colcon_core.environment:checking '/home/admin/ros2_bus/install/py_bus_controller/lib/python3.12/site-packages'
[9.848s] Level 1:colcon.colcon_core.shell:create_environment_hook('py_bus_controller', 'pythonpath')
[9.848s] INFO:colcon.colcon_core.shell:Creating environment hook '/home/admin/ros2_bus/install/py_bus_controller/share/py_bus_controller/hook/pythonpath.ps1'
[9.849s] INFO:colcon.colcon_core.shell:Creating environment descriptor '/home/admin/ros2_bus/install/py_bus_controller/share/py_bus_controller/hook/pythonpath.dsv'
[9.850s] INFO:colcon.colcon_core.shell:Creating environment hook '/home/admin/ros2_bus/install/py_bus_controller/share/py_bus_controller/hook/pythonpath.sh'
[9.851s] Level 1:colcon.colcon_core.environment:checking '/home/admin/ros2_bus/install/py_bus_controller/bin'
[9.852s] Level 1:colcon.colcon_core.environment:create_environment_scripts_only(py_bus_controller)
[9.852s] INFO:colcon.colcon_core.shell:Creating package script '/home/admin/ros2_bus/install/py_bus_controller/share/py_bus_controller/package.ps1'
[9.853s] INFO:colcon.colcon_core.shell:Creating package descriptor '/home/admin/ros2_bus/install/py_bus_controller/share/py_bus_controller/package.dsv'
[9.854s] INFO:colcon.colcon_core.shell:Creating package script '/home/admin/ros2_bus/install/py_bus_controller/share/py_bus_controller/package.sh'
[9.856s] INFO:colcon.colcon_core.shell:Creating package script '/home/admin/ros2_bus/install/py_bus_controller/share/py_bus_controller/package.bash'
[9.857s] INFO:colcon.colcon_core.shell:Creating package script '/home/admin/ros2_bus/install/py_bus_controller/share/py_bus_controller/package.zsh'
[9.858s] Level 1:colcon.colcon_core.environment:create_file_with_runtime_dependencies(/home/admin/ros2_bus/install/py_bus_controller/share/colcon-core/packages/py_bus_controller)
[9.862s] INFO:colcon.colcon_ros.task.ament_python.build:Building ROS package in '/home/admin/ros2_bus/src/py_bus_hmi' with build type 'ament_python'
[9.863s] Level 1:colcon.colcon_core.shell:create_environment_hook('py_bus_hmi', 'ament_prefix_path')
[9.864s] INFO:colcon.colcon_core.shell:Creating environment hook '/home/admin/ros2_bus/install/py_bus_hmi/share/py_bus_hmi/hook/ament_prefix_path.ps1'
[9.865s] INFO:colcon.colcon_core.shell:Creating environment descriptor '/home/admin/ros2_bus/install/py_bus_hmi/share/py_bus_hmi/hook/ament_prefix_path.dsv'
[9.867s] INFO:colcon.colcon_core.shell:Creating environment hook '/home/admin/ros2_bus/install/py_bus_hmi/share/py_bus_hmi/hook/ament_prefix_path.sh'
[9.870s] INFO:colcon.colcon_core.shell:Skip shell extension 'powershell' for command environment: Not usable outside of PowerShell
[9.870s] DEBUG:colcon.colcon_core.shell:Skip shell extension 'dsv' for command environment
[10.395s] INFO:colcon.colcon_core.task.python.build:Building Python package in '/home/admin/ros2_bus/src/py_bus_hmi'
[10.395s] INFO:colcon.colcon_core.shell:Skip shell extension 'powershell' for command environment: Not usable outside of PowerShell
[10.395s] DEBUG:colcon.colcon_core.shell:Skip shell extension 'dsv' for command environment
[10.402s] Level 1:colcon.colcon_core.shell:create_environment_hook('py_bus_driver', 'pythonpath_develop')
[10.404s] INFO:colcon.colcon_core.shell:Creating environment hook '/home/admin/ros2_bus/build/py_bus_driver/share/py_bus_driver/hook/pythonpath_develop.ps1'
[10.405s] INFO:colcon.colcon_core.shell:Creating environment descriptor '/home/admin/ros2_bus/build/py_bus_driver/share/py_bus_driver/hook/pythonpath_develop.dsv'
[10.405s] INFO:colcon.colcon_core.shell:Creating environment hook '/home/admin/ros2_bus/build/py_bus_driver/share/py_bus_driver/hook/pythonpath_develop.sh'
[10.403s] DEBUG:colcon.colcon_core.event_handler.log_command:Invoked command in '/home/admin/ros2_bus/build/py_bus_driver' returned '0': PYTHONPATH=/home/admin/ros2_bus/build/py_bus_driver/prefix_override:/usr/lib/python3/dist-packages/colcon_core/task/python/colcon_distutils_commands:/home/admin/ros2_bus/install/py_bus_driver/lib/python3.12/site-packages:${PYTHONPATH} /usr/bin/python3 -W ignore:setup.py install is deprecated -W ignore:easy_install command is deprecated setup.py develop --editable --build-directory /home/admin/ros2_bus/build/py_bus_driver/build --no-deps symlink_data
[10.406s] Level 1:colcon.colcon_core.environment:checking '/home/admin/ros2_bus/install/py_bus_driver' for CMake module files
[10.407s] Level 1:colcon.colcon_core.environment:checking '/home/admin/ros2_bus/install/py_bus_driver' for CMake config files
[10.408s] Level 1:colcon.colcon_core.environment:checking '/home/admin/ros2_bus/install/py_bus_driver/lib'
[10.408s] Level 1:colcon.colcon_core.environment:checking '/home/admin/ros2_bus/install/py_bus_driver/bin'
[10.408s] Level 1:colcon.colcon_core.environment:checking '/home/admin/ros2_bus/install/py_bus_driver/lib/pkgconfig/py_bus_driver.pc'
[10.408s] Level 1:colcon.colcon_core.environment:checking '/home/admin/ros2_bus/install/py_bus_driver/lib/python3.12/site-packages'
[10.408s] Level 1:colcon.colcon_core.shell:create_environment_hook('py_bus_driver', 'pythonpath')
[10.409s] INFO:colcon.colcon_core.shell:Creating environment hook '/home/admin/ros2_bus/install/py_bus_driver/share/py_bus_driver/hook/pythonpath.ps1'
[10.409s] INFO:colcon.colcon_core.shell:Creating environment descriptor '/home/admin/ros2_bus/install/py_bus_driver/share/py_bus_driver/hook/pythonpath.dsv'
[10.410s] INFO:colcon.colcon_core.shell:Creating environment hook '/home/admin/ros2_bus/install/py_bus_driver/share/py_bus_driver/hook/pythonpath.sh'
[10.411s] Level 1:colcon.colcon_core.environment:checking '/home/admin/ros2_bus/install/py_bus_driver/bin'
[10.411s] Level 1:colcon.colcon_core.environment:create_environment_scripts_only(py_bus_driver)
[10.411s] INFO:colcon.colcon_core.shell:Creating package script '/home/admin/ros2_bus/install/py_bus_driver/share/py_bus_driver/package.ps1'
[10.412s] INFO:colcon.colcon_core.shell:Creating package descriptor '/home/admin/ros2_bus/install/py_bus_driver/share/py_bus_driver/package.dsv'
[10.413s] INFO:colcon.colcon_core.shell:Creating package script '/home/admin/ros2_bus/install/py_bus_driver/share/py_bus_driver/package.sh'
[10.414s] INFO:colcon.colcon_core.shell:Creating package script '/home/admin/ros2_bus/install/py_bus_driver/share/py_bus_driver/package.bash'
[10.414s] INFO:colcon.colcon_core.shell:Creating package script '/home/admin/ros2_bus/install/py_bus_driver/share/py_bus_driver/package.zsh'
[10.414s] Level 1:colcon.colcon_core.environment:create_file_with_runtime_dependencies(/home/admin/ros2_bus/install/py_bus_driver/share/colcon-core/packages/py_bus_driver)
[10.416s] INFO:colcon.colcon_ros.task.ament_python.build:Building ROS package in '/home/admin/ros2_bus/src/py_bus_localisation_logic' with build type 'ament_python'
[10.416s] Level 1:colcon.colcon_core.shell:create_environment_hook('py_bus_localisation_logic', 'ament_prefix_path')
[10.416s] INFO:colcon.colcon_core.shell:Creating environment hook '/home/admin/ros2_bus/install/py_bus_localisation_logic/share/py_bus_localisation_logic/hook/ament_prefix_path.ps1'
[10.417s] INFO:colcon.colcon_core.shell:Creating environment descriptor '/home/admin/ros2_bus/install/py_bus_localisation_logic/share/py_bus_localisation_logic/hook/ament_prefix_path.dsv'
[10.418s] INFO:colcon.colcon_core.shell:Creating environment hook '/home/admin/ros2_bus/install/py_bus_localisation_logic/share/py_bus_localisation_logic/hook/ament_prefix_path.sh'
[10.419s] INFO:colcon.colcon_core.shell:Skip shell extension 'powershell' for command environment: Not usable outside of PowerShell
[10.419s] DEBUG:colcon.colcon_core.shell:Skip shell extension 'dsv' for command environment
[11.067s] INFO:colcon.colcon_core.task.python.build:Building Python package in '/home/admin/ros2_bus/src/py_bus_localisation_logic'
[11.068s] INFO:colcon.colcon_core.shell:Skip shell extension 'powershell' for command environment: Not usable outside of PowerShell
[11.068s] DEBUG:colcon.colcon_core.shell:Skip shell extension 'dsv' for command environment
[12.182s] DEBUG:colcon.colcon_core.event_handler.log_command:Invoking command in '/home/admin/ros2_bus/build/py_bus_hmi': PYTHONPATH=/home/admin/ros2_bus/build/py_bus_hmi/prefix_override:/usr/lib/python3/dist-packages/colcon_core/task/python/colcon_distutils_commands:/home/admin/ros2_bus/install/py_bus_hmi/lib/python3.12/site-packages:${PYTHONPATH} /usr/bin/python3 -W ignore:setup.py install is deprecated -W ignore:easy_install command is deprecated setup.py develop --editable --build-directory /home/admin/ros2_bus/build/py_bus_hmi/build --no-deps symlink_data
[12.831s] DEBUG:colcon.colcon_core.event_handler.log_command:Invoking command in '/home/admin/ros2_bus/build/py_bus_localisation_logic': PYTHONPATH=/home/admin/ros2_bus/build/py_bus_localisation_logic/prefix_override:/usr/lib/python3/dist-packages/colcon_core/task/python/colcon_distutils_commands:/home/admin/ros2_bus/install/py_bus_localisation_logic/lib/python3.12/site-packages:${PYTHONPATH} /usr/bin/python3 -W ignore:setup.py install is deprecated -W ignore:easy_install command is deprecated setup.py develop --editable --build-directory /home/admin/ros2_bus/build/py_bus_localisation_logic/build --no-deps symlink_data
[14.123s] Level 1:colcon.colcon_core.shell:create_environment_hook('py_bus_hmi', 'pythonpath_develop')
[14.124s] INFO:colcon.colcon_core.shell:Creating environment hook '/home/admin/ros2_bus/build/py_bus_hmi/share/py_bus_hmi/hook/pythonpath_develop.ps1'
[14.125s] DEBUG:colcon.colcon_core.event_handler.log_command:Invoked command in '/home/admin/ros2_bus/build/py_bus_hmi' returned '0': PYTHONPATH=/home/admin/ros2_bus/build/py_bus_hmi/prefix_override:/usr/lib/python3/dist-packages/colcon_core/task/python/colcon_distutils_commands:/home/admin/ros2_bus/install/py_bus_hmi/lib/python3.12/site-packages:${PYTHONPATH} /usr/bin/python3 -W ignore:setup.py install is deprecated -W ignore:easy_install command is deprecated setup.py develop --editable --build-directory /home/admin/ros2_bus/build/py_bus_hmi/build --no-deps symlink_data
[14.126s] INFO:colcon.colcon_core.shell:Creating environment descriptor '/home/admin/ros2_bus/build/py_bus_hmi/share/py_bus_hmi/hook/pythonpath_develop.dsv'
[14.126s] INFO:colcon.colcon_core.shell:Creating environment hook '/home/admin/ros2_bus/build/py_bus_hmi/share/py_bus_hmi/hook/pythonpath_develop.sh'
[14.127s] Level 1:colcon.colcon_core.environment:checking '/home/admin/ros2_bus/install/py_bus_hmi' for CMake module files
[14.128s] Level 1:colcon.colcon_core.environment:checking '/home/admin/ros2_bus/install/py_bus_hmi' for CMake config files
[14.129s] Level 1:colcon.colcon_core.environment:checking '/home/admin/ros2_bus/install/py_bus_hmi/lib'
[14.129s] Level 1:colcon.colcon_core.environment:checking '/home/admin/ros2_bus/install/py_bus_hmi/bin'
[14.129s] Level 1:colcon.colcon_core.environment:checking '/home/admin/ros2_bus/install/py_bus_hmi/lib/pkgconfig/py_bus_hmi.pc'
[14.130s] Level 1:colcon.colcon_core.environment:checking '/home/admin/ros2_bus/install/py_bus_hmi/lib/python3.12/site-packages'
[14.130s] Level 1:colcon.colcon_core.shell:create_environment_hook('py_bus_hmi', 'pythonpath')
[14.130s] INFO:colcon.colcon_core.shell:Creating environment hook '/home/admin/ros2_bus/install/py_bus_hmi/share/py_bus_hmi/hook/pythonpath.ps1'
[14.131s] INFO:colcon.colcon_core.shell:Creating environment descriptor '/home/admin/ros2_bus/install/py_bus_hmi/share/py_bus_hmi/hook/pythonpath.dsv'
[14.132s] INFO:colcon.colcon_core.shell:Creating environment hook '/home/admin/ros2_bus/install/py_bus_hmi/share/py_bus_hmi/hook/pythonpath.sh'
[14.133s] Level 1:colcon.colcon_core.environment:checking '/home/admin/ros2_bus/install/py_bus_hmi/bin'
[14.133s] Level 1:colcon.colcon_core.environment:create_environment_scripts_only(py_bus_hmi)
[14.134s] INFO:colcon.colcon_core.shell:Creating package script '/home/admin/ros2_bus/install/py_bus_hmi/share/py_bus_hmi/package.ps1'
[14.135s] INFO:colcon.colcon_core.shell:Creating package descriptor '/home/admin/ros2_bus/install/py_bus_hmi/share/py_bus_hmi/package.dsv'
[14.136s] INFO:colcon.colcon_core.shell:Creating package script '/home/admin/ros2_bus/install/py_bus_hmi/share/py_bus_hmi/package.sh'
[14.137s] INFO:colcon.colcon_core.shell:Creating package script '/home/admin/ros2_bus/install/py_bus_hmi/share/py_bus_hmi/package.bash'
[14.137s] INFO:colcon.colcon_core.shell:Creating package script '/home/admin/ros2_bus/install/py_bus_hmi/share/py_bus_hmi/package.zsh'
[14.138s] Level 1:colcon.colcon_core.environment:create_file_with_runtime_dependencies(/home/admin/ros2_bus/install/py_bus_hmi/share/colcon-core/packages/py_bus_hmi)
[14.139s] INFO:colcon.colcon_ros.task.ament_python.build:Building ROS package in '/home/admin/ros2_bus/src/py_bus_nav' with build type 'ament_python'
[14.139s] Level 1:colcon.colcon_core.shell:create_environment_hook('py_bus_nav', 'ament_prefix_path')
[14.139s] INFO:colcon.colcon_core.shell:Creating environment hook '/home/admin/ros2_bus/install/py_bus_nav/share/py_bus_nav/hook/ament_prefix_path.ps1'
[14.141s] INFO:colcon.colcon_core.shell:Creating environment descriptor '/home/admin/ros2_bus/install/py_bus_nav/share/py_bus_nav/hook/ament_prefix_path.dsv'
[14.143s] INFO:colcon.colcon_core.shell:Creating environment hook '/home/admin/ros2_bus/install/py_bus_nav/share/py_bus_nav/hook/ament_prefix_path.sh'
[14.144s] INFO:colcon.colcon_core.shell:Skip shell extension 'powershell' for command environment: Not usable outside of PowerShell
[14.145s] DEBUG:colcon.colcon_core.shell:Skip shell extension 'dsv' for command environment
[14.809s] INFO:colcon.colcon_core.task.python.build:Building Python package in '/home/admin/ros2_bus/src/py_bus_nav'
[14.810s] INFO:colcon.colcon_core.shell:Skip shell extension 'powershell' for command environment: Not usable outside of PowerShell
[14.810s] DEBUG:colcon.colcon_core.shell:Skip shell extension 'dsv' for command environment
[14.843s] Level 1:colcon.colcon_core.shell:create_environment_hook('py_bus_localisation_logic', 'pythonpath_develop')
[14.843s] INFO:colcon.colcon_core.shell:Creating environment hook '/home/admin/ros2_bus/build/py_bus_localisation_logic/share/py_bus_localisation_logic/hook/pythonpath_develop.ps1'
[14.844s] DEBUG:colcon.colcon_core.event_handler.log_command:Invoked command in '/home/admin/ros2_bus/build/py_bus_localisation_logic' returned '0': PYTHONPATH=/home/admin/ros2_bus/build/py_bus_localisation_logic/prefix_override:/usr/lib/python3/dist-packages/colcon_core/task/python/colcon_distutils_commands:/home/admin/ros2_bus/install/py_bus_localisation_logic/lib/python3.12/site-packages:${PYTHONPATH} /usr/bin/python3 -W ignore:setup.py install is deprecated -W ignore:easy_install command is deprecated setup.py develop --editable --build-directory /home/admin/ros2_bus/build/py_bus_localisation_logic/build --no-deps symlink_data
[14.846s] INFO:colcon.colcon_core.shell:Creating environment descriptor '/home/admin/ros2_bus/build/py_bus_localisation_logic/share/py_bus_localisation_logic/hook/pythonpath_develop.dsv'
[14.846s] INFO:colcon.colcon_core.shell:Creating environment hook '/home/admin/ros2_bus/build/py_bus_localisation_logic/share/py_bus_localisation_logic/hook/pythonpath_develop.sh'
[14.853s] Level 1:colcon.colcon_core.environment:checking '/home/admin/ros2_bus/install/py_bus_localisation_logic' for CMake module files
[14.854s] Level 1:colcon.colcon_core.environment:checking '/home/admin/ros2_bus/install/py_bus_localisation_logic' for CMake config files
[14.855s] Level 1:colcon.colcon_core.environment:checking '/home/admin/ros2_bus/install/py_bus_localisation_logic/lib'
[14.855s] Level 1:colcon.colcon_core.environment:checking '/home/admin/ros2_bus/install/py_bus_localisation_logic/bin'
[14.855s] Level 1:colcon.colcon_core.environment:checking '/home/admin/ros2_bus/install/py_bus_localisation_logic/lib/pkgconfig/py_bus_localisation_logic.pc'
[14.859s] Level 1:colcon.colcon_core.environment:checking '/home/admin/ros2_bus/install/py_bus_localisation_logic/lib/python3.12/site-packages'
[14.860s] Level 1:colcon.colcon_core.shell:create_environment_hook('py_bus_localisation_logic', 'pythonpath')
[14.860s] INFO:colcon.colcon_core.shell:Creating environment hook '/home/admin/ros2_bus/install/py_bus_localisation_logic/share/py_bus_localisation_logic/hook/pythonpath.ps1'
[14.861s] INFO:colcon.colcon_core.shell:Creating environment descriptor '/home/admin/ros2_bus/install/py_bus_localisation_logic/share/py_bus_localisation_logic/hook/pythonpath.dsv'
[14.865s] INFO:colcon.colcon_core.shell:Creating environment hook '/home/admin/ros2_bus/install/py_bus_localisation_logic/share/py_bus_localisation_logic/hook/pythonpath.sh'
[14.867s] Level 1:colcon.colcon_core.environment:checking '/home/admin/ros2_bus/install/py_bus_localisation_logic/bin'
[14.867s] Level 1:colcon.colcon_core.environment:create_environment_scripts_only(py_bus_localisation_logic)
[14.871s] INFO:colcon.colcon_core.shell:Creating package script '/home/admin/ros2_bus/install/py_bus_localisation_logic/share/py_bus_localisation_logic/package.ps1'
[14.873s] INFO:colcon.colcon_core.shell:Creating package descriptor '/home/admin/ros2_bus/install/py_bus_localisation_logic/share/py_bus_localisation_logic/package.dsv'
[14.875s] INFO:colcon.colcon_core.shell:Creating package script '/home/admin/ros2_bus/install/py_bus_localisation_logic/share/py_bus_localisation_logic/package.sh'
[14.876s] INFO:colcon.colcon_core.shell:Creating package script '/home/admin/ros2_bus/install/py_bus_localisation_logic/share/py_bus_localisation_logic/package.bash'
[14.877s] INFO:colcon.colcon_core.shell:Creating package script '/home/admin/ros2_bus/install/py_bus_localisation_logic/share/py_bus_localisation_logic/package.zsh'
[14.878s] Level 1:colcon.colcon_core.environment:create_file_with_runtime_dependencies(/home/admin/ros2_bus/install/py_bus_localisation_logic/share/colcon-core/packages/py_bus_localisation_logic)
[14.879s] INFO:colcon.colcon_ros.task.ament_python.build:Building ROS package in '/home/admin/ros2_bus/src/py_bus_perception_hw' with build type 'ament_python'
[14.880s] Level 1:colcon.colcon_core.shell:create_environment_hook('py_bus_perception_hw', 'ament_prefix_path')
[14.881s] INFO:colcon.colcon_core.shell:Creating environment hook '/home/admin/ros2_bus/install/py_bus_perception_hw/share/py_bus_perception_hw/hook/ament_prefix_path.ps1'
[14.886s] INFO:colcon.colcon_core.shell:Creating environment descriptor '/home/admin/ros2_bus/install/py_bus_perception_hw/share/py_bus_perception_hw/hook/ament_prefix_path.dsv'
[14.887s] INFO:colcon.colcon_core.shell:Creating environment hook '/home/admin/ros2_bus/install/py_bus_perception_hw/share/py_bus_perception_hw/hook/ament_prefix_path.sh'
[14.888s] INFO:colcon.colcon_core.shell:Skip shell extension 'powershell' for command environment: Not usable outside of PowerShell
[14.888s] DEBUG:colcon.colcon_core.shell:Skip shell extension 'dsv' for command environment
[15.586s] INFO:colcon.colcon_core.task.python.build:Building Python package in '/home/admin/ros2_bus/src/py_bus_perception_hw'
[15.587s] INFO:colcon.colcon_core.shell:Skip shell extension 'powershell' for command environment: Not usable outside of PowerShell
[15.587s] DEBUG:colcon.colcon_core.shell:Skip shell extension 'dsv' for command environment
[16.769s] DEBUG:colcon.colcon_core.event_handler.log_command:Invoking command in '/home/admin/ros2_bus/build/py_bus_nav': PYTHONPATH=/home/admin/ros2_bus/build/py_bus_nav/prefix_override:/usr/lib/python3/dist-packages/colcon_core/task/python/colcon_distutils_commands:/home/admin/ros2_bus/install/py_bus_nav/lib/python3.12/site-packages:${PYTHONPATH} /usr/bin/python3 -W ignore:setup.py install is deprecated -W ignore:easy_install command is deprecated setup.py develop --editable --build-directory /home/admin/ros2_bus/build/py_bus_nav/build --no-deps symlink_data
[17.522s] DEBUG:colcon.colcon_core.event_handler.log_command:Invoking command in '/home/admin/ros2_bus/build/py_bus_perception_hw': PYTHONPATH=/home/admin/ros2_bus/build/py_bus_perception_hw/prefix_override:/usr/lib/python3/dist-packages/colcon_core/task/python/colcon_distutils_commands:/home/admin/ros2_bus/install/py_bus_perception_hw/lib/python3.12/site-packages:${PYTHONPATH} /usr/bin/python3 -W ignore:setup.py install is deprecated -W ignore:easy_install command is deprecated setup.py develop --editable --build-directory /home/admin/ros2_bus/build/py_bus_perception_hw/build --no-deps symlink_data
[18.782s] Level 1:colcon.colcon_core.shell:create_environment_hook('py_bus_nav', 'pythonpath_develop')
[18.783s] INFO:colcon.colcon_core.shell:Creating environment hook '/home/admin/ros2_bus/build/py_bus_nav/share/py_bus_nav/hook/pythonpath_develop.ps1'
[18.784s] INFO:colcon.colcon_core.shell:Creating environment descriptor '/home/admin/ros2_bus/build/py_bus_nav/share/py_bus_nav/hook/pythonpath_develop.dsv'
[18.785s] DEBUG:colcon.colcon_core.event_handler.log_command:Invoked command in '/home/admin/ros2_bus/build/py_bus_nav' returned '0': PYTHONPATH=/home/admin/ros2_bus/build/py_bus_nav/prefix_override:/usr/lib/python3/dist-packages/colcon_core/task/python/colcon_distutils_commands:/home/admin/ros2_bus/install/py_bus_nav/lib/python3.12/site-packages:${PYTHONPATH} /usr/bin/python3 -W ignore:setup.py install is deprecated -W ignore:easy_install command is deprecated setup.py develop --editable --build-directory /home/admin/ros2_bus/build/py_bus_nav/build --no-deps symlink_data
[18.785s] INFO:colcon.colcon_core.shell:Creating environment hook '/home/admin/ros2_bus/build/py_bus_nav/share/py_bus_nav/hook/pythonpath_develop.sh'
[18.787s] Level 1:colcon.colcon_core.environment:checking '/home/admin/ros2_bus/install/py_bus_nav' for CMake module files
[18.788s] Level 1:colcon.colcon_core.environment:checking '/home/admin/ros2_bus/install/py_bus_nav' for CMake config files
[18.789s] Level 1:colcon.colcon_core.environment:checking '/home/admin/ros2_bus/install/py_bus_nav/lib'
[18.789s] Level 1:colcon.colcon_core.environment:checking '/home/admin/ros2_bus/install/py_bus_nav/bin'
[18.789s] Level 1:colcon.colcon_core.environment:checking '/home/admin/ros2_bus/install/py_bus_nav/lib/pkgconfig/py_bus_nav.pc'
[18.790s] Level 1:colcon.colcon_core.environment:checking '/home/admin/ros2_bus/install/py_bus_nav/lib/python3.12/site-packages'
[18.790s] Level 1:colcon.colcon_core.shell:create_environment_hook('py_bus_nav', 'pythonpath')
[18.790s] INFO:colcon.colcon_core.shell:Creating environment hook '/home/admin/ros2_bus/install/py_bus_nav/share/py_bus_nav/hook/pythonpath.ps1'
[18.792s] INFO:colcon.colcon_core.shell:Creating environment descriptor '/home/admin/ros2_bus/install/py_bus_nav/share/py_bus_nav/hook/pythonpath.dsv'
[18.793s] INFO:colcon.colcon_core.shell:Creating environment hook '/home/admin/ros2_bus/install/py_bus_nav/share/py_bus_nav/hook/pythonpath.sh'
[18.794s] Level 1:colcon.colcon_core.environment:checking '/home/admin/ros2_bus/install/py_bus_nav/bin'
[18.794s] Level 1:colcon.colcon_core.environment:create_environment_scripts_only(py_bus_nav)
[18.795s] INFO:colcon.colcon_core.shell:Creating package script '/home/admin/ros2_bus/install/py_bus_nav/share/py_bus_nav/package.ps1'
[18.796s] INFO:colcon.colcon_core.shell:Creating package descriptor '/home/admin/ros2_bus/install/py_bus_nav/share/py_bus_nav/package.dsv'
[18.798s] INFO:colcon.colcon_core.shell:Creating package script '/home/admin/ros2_bus/install/py_bus_nav/share/py_bus_nav/package.sh'
[18.799s] INFO:colcon.colcon_core.shell:Creating package script '/home/admin/ros2_bus/install/py_bus_nav/share/py_bus_nav/package.bash'
[18.799s] INFO:colcon.colcon_core.shell:Creating package script '/home/admin/ros2_bus/install/py_bus_nav/share/py_bus_nav/package.zsh'
[18.800s] Level 1:colcon.colcon_core.environment:create_file_with_runtime_dependencies(/home/admin/ros2_bus/install/py_bus_nav/share/colcon-core/packages/py_bus_nav)
[18.802s] INFO:colcon.colcon_ros.task.ament_python.build:Building ROS package in '/home/admin/ros2_bus/src/py_bus_perception_logic' with build type 'ament_python'
[18.803s] Level 1:colcon.colcon_core.shell:create_environment_hook('py_bus_perception_logic', 'ament_prefix_path')
[18.804s] INFO:colcon.colcon_core.shell:Creating environment hook '/home/admin/ros2_bus/install/py_bus_perception_logic/share/py_bus_perception_logic/hook/ament_prefix_path.ps1'
[18.805s] INFO:colcon.colcon_core.shell:Creating environment descriptor '/home/admin/ros2_bus/install/py_bus_perception_logic/share/py_bus_perception_logic/hook/ament_prefix_path.dsv'
[18.806s] INFO:colcon.colcon_core.shell:Creating environment hook '/home/admin/ros2_bus/install/py_bus_perception_logic/share/py_bus_perception_logic/hook/ament_prefix_path.sh'
[18.808s] INFO:colcon.colcon_core.shell:Skip shell extension 'powershell' for command environment: Not usable outside of PowerShell
[18.808s] DEBUG:colcon.colcon_core.shell:Skip shell extension 'dsv' for command environment
[19.514s] INFO:colcon.colcon_core.task.python.build:Building Python package in '/home/admin/ros2_bus/src/py_bus_perception_logic'
[19.515s] INFO:colcon.colcon_core.shell:Skip shell extension 'powershell' for command environment: Not usable outside of PowerShell
[19.515s] DEBUG:colcon.colcon_core.shell:Skip shell extension 'dsv' for command environment
[19.589s] Level 1:colcon.colcon_core.shell:create_environment_hook('py_bus_perception_hw', 'pythonpath_develop')
[19.590s] INFO:colcon.colcon_core.shell:Creating environment hook '/home/admin/ros2_bus/build/py_bus_perception_hw/share/py_bus_perception_hw/hook/pythonpath_develop.ps1'
[19.591s] INFO:colcon.colcon_core.shell:Creating environment descriptor '/home/admin/ros2_bus/build/py_bus_perception_hw/share/py_bus_perception_hw/hook/pythonpath_develop.dsv'
[19.592s] DEBUG:colcon.colcon_core.event_handler.log_command:Invoked command in '/home/admin/ros2_bus/build/py_bus_perception_hw' returned '0': PYTHONPATH=/home/admin/ros2_bus/build/py_bus_perception_hw/prefix_override:/usr/lib/python3/dist-packages/colcon_core/task/python/colcon_distutils_commands:/home/admin/ros2_bus/install/py_bus_perception_hw/lib/python3.12/site-packages:${PYTHONPATH} /usr/bin/python3 -W ignore:setup.py install is deprecated -W ignore:easy_install command is deprecated setup.py develop --editable --build-directory /home/admin/ros2_bus/build/py_bus_perception_hw/build --no-deps symlink_data
[19.593s] INFO:colcon.colcon_core.shell:Creating environment hook '/home/admin/ros2_bus/build/py_bus_perception_hw/share/py_bus_perception_hw/hook/pythonpath_develop.sh'
[19.594s] Level 1:colcon.colcon_core.environment:checking '/home/admin/ros2_bus/install/py_bus_perception_hw' for CMake module files
[19.595s] Level 1:colcon.colcon_core.environment:checking '/home/admin/ros2_bus/install/py_bus_perception_hw' for CMake config files
[19.596s] Level 1:colcon.colcon_core.environment:checking '/home/admin/ros2_bus/install/py_bus_perception_hw/lib'
[19.597s] Level 1:colcon.colcon_core.environment:checking '/home/admin/ros2_bus/install/py_bus_perception_hw/bin'
[19.597s] Level 1:colcon.colcon_core.environment:checking '/home/admin/ros2_bus/install/py_bus_perception_hw/lib/pkgconfig/py_bus_perception_hw.pc'
[19.597s] Level 1:colcon.colcon_core.environment:checking '/home/admin/ros2_bus/install/py_bus_perception_hw/lib/python3.12/site-packages'
[19.598s] Level 1:colcon.colcon_core.shell:create_environment_hook('py_bus_perception_hw', 'pythonpath')
[19.598s] INFO:colcon.colcon_core.shell:Creating environment hook '/home/admin/ros2_bus/install/py_bus_perception_hw/share/py_bus_perception_hw/hook/pythonpath.ps1'
[19.599s] INFO:colcon.colcon_core.shell:Creating environment descriptor '/home/admin/ros2_bus/install/py_bus_perception_hw/share/py_bus_perception_hw/hook/pythonpath.dsv'
[19.600s] INFO:colcon.colcon_core.shell:Creating environment hook '/home/admin/ros2_bus/install/py_bus_perception_hw/share/py_bus_perception_hw/hook/pythonpath.sh'
[19.601s] Level 1:colcon.colcon_core.environment:checking '/home/admin/ros2_bus/install/py_bus_perception_hw/bin'
[19.602s] Level 1:colcon.colcon_core.environment:create_environment_scripts_only(py_bus_perception_hw)
[19.602s] INFO:colcon.colcon_core.shell:Creating package script '/home/admin/ros2_bus/install/py_bus_perception_hw/share/py_bus_perception_hw/package.ps1'
[19.604s] INFO:colcon.colcon_core.shell:Creating package descriptor '/home/admin/ros2_bus/install/py_bus_perception_hw/share/py_bus_perception_hw/package.dsv'
[19.605s] INFO:colcon.colcon_core.shell:Creating package script '/home/admin/ros2_bus/install/py_bus_perception_hw/share/py_bus_perception_hw/package.sh'
[19.606s] INFO:colcon.colcon_core.shell:Creating package script '/home/admin/ros2_bus/install/py_bus_perception_hw/share/py_bus_perception_hw/package.bash'
[19.607s] INFO:colcon.colcon_core.shell:Creating package script '/home/admin/ros2_bus/install/py_bus_perception_hw/share/py_bus_perception_hw/package.zsh'
[19.607s] Level 1:colcon.colcon_core.environment:create_file_with_runtime_dependencies(/home/admin/ros2_bus/install/py_bus_perception_hw/share/colcon-core/packages/py_bus_perception_hw)
[21.010s] DEBUG:colcon.colcon_core.event_handler.log_command:Invoking command in '/home/admin/ros2_bus/build/py_bus_perception_logic': PYTHONPATH=/home/admin/ros2_bus/build/py_bus_perception_logic/prefix_override:/usr/lib/python3/dist-packages/colcon_core/task/python/colcon_distutils_commands:/home/admin/ros2_bus/install/py_bus_perception_logic/lib/python3.12/site-packages:${PYTHONPATH} /usr/bin/python3 -W ignore:setup.py install is deprecated -W ignore:easy_install command is deprecated setup.py develop --editable --build-directory /home/admin/ros2_bus/build/py_bus_perception_logic/build --no-deps symlink_data
[22.618s] Level 1:colcon.colcon_core.shell:create_environment_hook('py_bus_perception_logic', 'pythonpath_develop')
[22.619s] INFO:colcon.colcon_core.shell:Creating environment hook '/home/admin/ros2_bus/build/py_bus_perception_logic/share/py_bus_perception_logic/hook/pythonpath_develop.ps1'
[22.620s] DEBUG:colcon.colcon_core.event_handler.log_command:Invoked command in '/home/admin/ros2_bus/build/py_bus_perception_logic' returned '0': PYTHONPATH=/home/admin/ros2_bus/build/py_bus_perception_logic/prefix_override:/usr/lib/python3/dist-packages/colcon_core/task/python/colcon_distutils_commands:/home/admin/ros2_bus/install/py_bus_perception_logic/lib/python3.12/site-packages:${PYTHONPATH} /usr/bin/python3 -W ignore:setup.py install is deprecated -W ignore:easy_install command is deprecated setup.py develop --editable --build-directory /home/admin/ros2_bus/build/py_bus_perception_logic/build --no-deps symlink_data
[22.621s] INFO:colcon.colcon_core.shell:Creating environment descriptor '/home/admin/ros2_bus/build/py_bus_perception_logic/share/py_bus_perception_logic/hook/pythonpath_develop.dsv'
[22.621s] INFO:colcon.colcon_core.shell:Creating environment hook '/home/admin/ros2_bus/build/py_bus_perception_logic/share/py_bus_perception_logic/hook/pythonpath_develop.sh'
[22.623s] Level 1:colcon.colcon_core.environment:checking '/home/admin/ros2_bus/install/py_bus_perception_logic' for CMake module files
[22.624s] Level 1:colcon.colcon_core.environment:checking '/home/admin/ros2_bus/install/py_bus_perception_logic' for CMake config files
[22.625s] Level 1:colcon.colcon_core.environment:checking '/home/admin/ros2_bus/install/py_bus_perception_logic/lib'
[22.625s] Level 1:colcon.colcon_core.environment:checking '/home/admin/ros2_bus/install/py_bus_perception_logic/bin'
[22.625s] Level 1:colcon.colcon_core.environment:checking '/home/admin/ros2_bus/install/py_bus_perception_logic/lib/pkgconfig/py_bus_perception_logic.pc'
[22.625s] Level 1:colcon.colcon_core.environment:checking '/home/admin/ros2_bus/install/py_bus_perception_logic/lib/python3.12/site-packages'
[22.626s] Level 1:colcon.colcon_core.shell:create_environment_hook('py_bus_perception_logic', 'pythonpath')
[22.626s] INFO:colcon.colcon_core.shell:Creating environment hook '/home/admin/ros2_bus/install/py_bus_perception_logic/share/py_bus_perception_logic/hook/pythonpath.ps1'
[22.627s] INFO:colcon.colcon_core.shell:Creating environment descriptor '/home/admin/ros2_bus/install/py_bus_perception_logic/share/py_bus_perception_logic/hook/pythonpath.dsv'
[22.628s] INFO:colcon.colcon_core.shell:Creating environment hook '/home/admin/ros2_bus/install/py_bus_perception_logic/share/py_bus_perception_logic/hook/pythonpath.sh'
[22.629s] Level 1:colcon.colcon_core.environment:checking '/home/admin/ros2_bus/install/py_bus_perception_logic/bin'
[22.629s] Level 1:colcon.colcon_core.environment:create_environment_scripts_only(py_bus_perception_logic)
[22.630s] INFO:colcon.colcon_core.shell:Creating package script '/home/admin/ros2_bus/install/py_bus_perception_logic/share/py_bus_perception_logic/package.ps1'
[22.631s] INFO:colcon.colcon_core.shell:Creating package descriptor '/home/admin/ros2_bus/install/py_bus_perception_logic/share/py_bus_perception_logic/package.dsv'
[22.632s] INFO:colcon.colcon_core.shell:Creating package script '/home/admin/ros2_bus/install/py_bus_perception_logic/share/py_bus_perception_logic/package.sh'
[22.633s] INFO:colcon.colcon_core.shell:Creating package script '/home/admin/ros2_bus/install/py_bus_perception_logic/share/py_bus_perception_logic/package.bash'
[22.633s] INFO:colcon.colcon_core.shell:Creating package script '/home/admin/ros2_bus/install/py_bus_perception_logic/share/py_bus_perception_logic/package.zsh'
[22.634s] Level 1:colcon.colcon_core.environment:create_file_with_runtime_dependencies(/home/admin/ros2_bus/install/py_bus_perception_logic/share/colcon-core/packages/py_bus_perception_logic)
[34.053s] DEBUG:colcon.colcon_core.event_handler.log_command:Invoked command in '/home/admin/ros2_bus/build/py_bus_interfaces' returned '0': CMAKE_PREFIX_PATH=${CMAKE_PREFIX_PATH}:/home/admin/ros2_bus/install/py_bus_perception_logic:/home/admin/ros2_bus/install/py_bus_perception_hw:/home/admin/ros2_bus/install/py_bus_nav:/home/admin/ros2_bus/install/py_bus_localisation_logic:/home/admin/ros2_bus/install/py_bus_localisation_hw:/home/admin/ros2_bus/install/py_bus_hmi:/home/admin/ros2_bus/install/py_bus_driver:/home/admin/ros2_bus/install/py_bus_controller:/home/admin/ros2_bus/install/py_bus_bringup:/home/admin/ros2_bus/install/py_bus_behavior:/opt/ros/kilted /usr/bin/cmake --build /home/admin/ros2_bus/build/py_bus_interfaces -- -j4 -l4
[34.074s] DEBUG:colcon.colcon_core.event_handler.log_command:Invoking command in '/home/admin/ros2_bus/build/py_bus_interfaces': CMAKE_PREFIX_PATH=${CMAKE_PREFIX_PATH}:/home/admin/ros2_bus/install/py_bus_perception_logic:/home/admin/ros2_bus/install/py_bus_perception_hw:/home/admin/ros2_bus/install/py_bus_nav:/home/admin/ros2_bus/install/py_bus_localisation_logic:/home/admin/ros2_bus/install/py_bus_localisation_hw:/home/admin/ros2_bus/install/py_bus_hmi:/home/admin/ros2_bus/install/py_bus_driver:/home/admin/ros2_bus/install/py_bus_controller:/home/admin/ros2_bus/install/py_bus_bringup:/home/admin/ros2_bus/install/py_bus_behavior:/opt/ros/kilted /usr/bin/cmake --install /home/admin/ros2_bus/build/py_bus_interfaces
[36.634s] Level 1:colcon.colcon_core.environment:create_environment_scripts_only(py_bus_interfaces)
[36.635s] Level 1:colcon.colcon_core.environment:checking '/home/admin/ros2_bus/install/py_bus_interfaces' for CMake module files
[36.635s] DEBUG:colcon.colcon_core.event_handler.log_command:Invoked command in '/home/admin/ros2_bus/build/py_bus_interfaces' returned '0': CMAKE_PREFIX_PATH=${CMAKE_PREFIX_PATH}:/home/admin/ros2_bus/install/py_bus_perception_logic:/home/admin/ros2_bus/install/py_bus_perception_hw:/home/admin/ros2_bus/install/py_bus_nav:/home/admin/ros2_bus/install/py_bus_localisation_logic:/home/admin/ros2_bus/install/py_bus_localisation_hw:/home/admin/ros2_bus/install/py_bus_hmi:/home/admin/ros2_bus/install/py_bus_driver:/home/admin/ros2_bus/install/py_bus_controller:/home/admin/ros2_bus/install/py_bus_bringup:/home/admin/ros2_bus/install/py_bus_behavior:/opt/ros/kilted /usr/bin/cmake --install /home/admin/ros2_bus/build/py_bus_interfaces
[36.636s] Level 1:colcon.colcon_core.environment:checking '/home/admin/ros2_bus/install/py_bus_interfaces' for CMake config files
[36.638s] Level 1:colcon.colcon_core.shell:create_environment_hook('py_bus_interfaces', 'cmake_prefix_path')
[36.638s] INFO:colcon.colcon_core.shell:Creating environment hook '/home/admin/ros2_bus/install/py_bus_interfaces/share/py_bus_interfaces/hook/cmake_prefix_path.ps1'
[36.639s] INFO:colcon.colcon_core.shell:Creating environment descriptor '/home/admin/ros2_bus/install/py_bus_interfaces/share/py_bus_interfaces/hook/cmake_prefix_path.dsv'
[36.639s] INFO:colcon.colcon_core.shell:Creating environment hook '/home/admin/ros2_bus/install/py_bus_interfaces/share/py_bus_interfaces/hook/cmake_prefix_path.sh'
[36.640s] Level 1:colcon.colcon_core.environment:checking '/home/admin/ros2_bus/install/py_bus_interfaces/lib'
[36.640s] Level 1:colcon.colcon_core.shell:create_environment_hook('py_bus_interfaces', 'ld_library_path_lib')
[36.641s] INFO:colcon.colcon_core.shell:Creating environment hook '/home/admin/ros2_bus/install/py_bus_interfaces/share/py_bus_interfaces/hook/ld_library_path_lib.ps1'
[36.641s] INFO:colcon.colcon_core.shell:Creating environment descriptor '/home/admin/ros2_bus/install/py_bus_interfaces/share/py_bus_interfaces/hook/ld_library_path_lib.dsv'
[36.641s] INFO:colcon.colcon_core.shell:Creating environment hook '/home/admin/ros2_bus/install/py_bus_interfaces/share/py_bus_interfaces/hook/ld_library_path_lib.sh'
[36.642s] Level 1:colcon.colcon_core.environment:checking '/home/admin/ros2_bus/install/py_bus_interfaces/bin'
[36.642s] Level 1:colcon.colcon_core.environment:checking '/home/admin/ros2_bus/install/py_bus_interfaces/lib/pkgconfig/py_bus_interfaces.pc'
[36.642s] Level 1:colcon.colcon_core.environment:checking '/home/admin/ros2_bus/install/py_bus_interfaces/lib/python3.12/site-packages'
[36.642s] Level 1:colcon.colcon_core.shell:create_environment_hook('py_bus_interfaces', 'pythonpath')
[36.643s] INFO:colcon.colcon_core.shell:Creating environment hook '/home/admin/ros2_bus/install/py_bus_interfaces/share/py_bus_interfaces/hook/pythonpath.ps1'
[36.643s] INFO:colcon.colcon_core.shell:Creating environment descriptor '/home/admin/ros2_bus/install/py_bus_interfaces/share/py_bus_interfaces/hook/pythonpath.dsv'
[36.644s] INFO:colcon.colcon_core.shell:Creating environment hook '/home/admin/ros2_bus/install/py_bus_interfaces/share/py_bus_interfaces/hook/pythonpath.sh'
[36.644s] Level 1:colcon.colcon_core.environment:checking '/home/admin/ros2_bus/install/py_bus_interfaces/bin'
[36.645s] INFO:colcon.colcon_core.shell:Creating package script '/home/admin/ros2_bus/install/py_bus_interfaces/share/py_bus_interfaces/package.ps1'
[36.646s] INFO:colcon.colcon_core.shell:Creating package descriptor '/home/admin/ros2_bus/install/py_bus_interfaces/share/py_bus_interfaces/package.dsv'
[36.646s] INFO:colcon.colcon_core.shell:Creating package script '/home/admin/ros2_bus/install/py_bus_interfaces/share/py_bus_interfaces/package.sh'
[36.647s] INFO:colcon.colcon_core.shell:Creating package script '/home/admin/ros2_bus/install/py_bus_interfaces/share/py_bus_interfaces/package.bash'
[36.647s] INFO:colcon.colcon_core.shell:Creating package script '/home/admin/ros2_bus/install/py_bus_interfaces/share/py_bus_interfaces/package.zsh'
[36.648s] Level 1:colcon.colcon_core.environment:create_file_with_runtime_dependencies(/home/admin/ros2_bus/install/py_bus_interfaces/share/colcon-core/packages/py_bus_interfaces)
[36.649s] Level 1:colcon.colcon_core.environment:create_environment_scripts_only(py_bus_interfaces)
[36.649s] Level 1:colcon.colcon_core.environment:checking '/home/admin/ros2_bus/install/py_bus_interfaces' for CMake module files
[36.650s] Level 1:colcon.colcon_core.environment:checking '/home/admin/ros2_bus/install/py_bus_interfaces' for CMake config files
[36.651s] Level 1:colcon.colcon_core.shell:create_environment_hook('py_bus_interfaces', 'cmake_prefix_path')
[36.652s] INFO:colcon.colcon_core.shell:Creating environment hook '/home/admin/ros2_bus/install/py_bus_interfaces/share/py_bus_interfaces/hook/cmake_prefix_path.ps1'
[36.653s] INFO:colcon.colcon_core.shell:Creating environment descriptor '/home/admin/ros2_bus/install/py_bus_interfaces/share/py_bus_interfaces/hook/cmake_prefix_path.dsv'
[36.654s] INFO:colcon.colcon_core.shell:Creating environment hook '/home/admin/ros2_bus/install/py_bus_interfaces/share/py_bus_interfaces/hook/cmake_prefix_path.sh'
[36.656s] Level 1:colcon.colcon_core.environment:checking '/home/admin/ros2_bus/install/py_bus_interfaces/lib'
[36.656s] Level 1:colcon.colcon_core.shell:create_environment_hook('py_bus_interfaces', 'ld_library_path_lib')
[36.657s] INFO:colcon.colcon_core.shell:Creating environment hook '/home/admin/ros2_bus/install/py_bus_interfaces/share/py_bus_interfaces/hook/ld_library_path_lib.ps1'
[36.657s] INFO:colcon.colcon_core.shell:Creating environment descriptor '/home/admin/ros2_bus/install/py_bus_interfaces/share/py_bus_interfaces/hook/ld_library_path_lib.dsv'
[36.659s] INFO:colcon.colcon_core.shell:Creating environment hook '/home/admin/ros2_bus/install/py_bus_interfaces/share/py_bus_interfaces/hook/ld_library_path_lib.sh'
[36.663s] Level 1:colcon.colcon_core.environment:checking '/home/admin/ros2_bus/install/py_bus_interfaces/bin'
[36.663s] Level 1:colcon.colcon_core.environment:checking '/home/admin/ros2_bus/install/py_bus_interfaces/lib/pkgconfig/py_bus_interfaces.pc'
[36.664s] Level 1:colcon.colcon_core.environment:checking '/home/admin/ros2_bus/install/py_bus_interfaces/lib/python3.12/site-packages'
[36.664s] Level 1:colcon.colcon_core.shell:create_environment_hook('py_bus_interfaces', 'pythonpath')
[36.664s] INFO:colcon.colcon_core.shell:Creating environment hook '/home/admin/ros2_bus/install/py_bus_interfaces/share/py_bus_interfaces/hook/pythonpath.ps1'
[36.665s] INFO:colcon.colcon_core.shell:Creating environment descriptor '/home/admin/ros2_bus/install/py_bus_interfaces/share/py_bus_interfaces/hook/pythonpath.dsv'
[36.666s] INFO:colcon.colcon_core.shell:Creating environment hook '/home/admin/ros2_bus/install/py_bus_interfaces/share/py_bus_interfaces/hook/pythonpath.sh'
[36.667s] Level 1:colcon.colcon_core.environment:checking '/home/admin/ros2_bus/install/py_bus_interfaces/bin'
[36.667s] INFO:colcon.colcon_core.shell:Creating package script '/home/admin/ros2_bus/install/py_bus_interfaces/share/py_bus_interfaces/package.ps1'
[36.668s] INFO:colcon.colcon_core.shell:Creating package descriptor '/home/admin/ros2_bus/install/py_bus_interfaces/share/py_bus_interfaces/package.dsv'
[36.669s] INFO:colcon.colcon_core.shell:Creating package script '/home/admin/ros2_bus/install/py_bus_interfaces/share/py_bus_interfaces/package.sh'
[36.670s] INFO:colcon.colcon_core.shell:Creating package script '/home/admin/ros2_bus/install/py_bus_interfaces/share/py_bus_interfaces/package.bash'
[36.671s] INFO:colcon.colcon_core.shell:Creating package script '/home/admin/ros2_bus/install/py_bus_interfaces/share/py_bus_interfaces/package.zsh'
[36.672s] Level 1:colcon.colcon_core.environment:create_file_with_runtime_dependencies(/home/admin/ros2_bus/install/py_bus_interfaces/share/colcon-core/packages/py_bus_interfaces)
[36.673s] INFO:colcon.colcon_ros.task.ament_python.build:Building ROS package in '/home/admin/ros2_bus/src/py_bus_localisation_hw' with build type 'ament_python'
[36.673s] Level 1:colcon.colcon_core.shell:create_environment_hook('py_bus_localisation_hw', 'ament_prefix_path')
[36.674s] INFO:colcon.colcon_core.shell:Creating environment hook '/home/admin/ros2_bus/install/py_bus_localisation_hw/share/py_bus_localisation_hw/hook/ament_prefix_path.ps1'
[36.676s] INFO:colcon.colcon_core.shell:Creating environment descriptor '/home/admin/ros2_bus/install/py_bus_localisation_hw/share/py_bus_localisation_hw/hook/ament_prefix_path.dsv'
[36.676s] INFO:colcon.colcon_core.shell:Creating environment hook '/home/admin/ros2_bus/install/py_bus_localisation_hw/share/py_bus_localisation_hw/hook/ament_prefix_path.sh'
[36.677s] INFO:colcon.colcon_core.shell:Skip shell extension 'powershell' for command environment: Not usable outside of PowerShell
[36.677s] DEBUG:colcon.colcon_core.shell:Skip shell extension 'dsv' for command environment
[37.123s] INFO:colcon.colcon_core.task.python.build:Building Python package in '/home/admin/ros2_bus/src/py_bus_localisation_hw'
[37.124s] INFO:colcon.colcon_core.shell:Skip shell extension 'powershell' for command environment: Not usable outside of PowerShell
[37.124s] DEBUG:colcon.colcon_core.shell:Skip shell extension 'dsv' for command environment
[38.338s] DEBUG:colcon.colcon_core.event_handler.log_command:Invoking command in '/home/admin/ros2_bus/build/py_bus_localisation_hw': PYTHONPATH=/home/admin/ros2_bus/build/py_bus_localisation_hw/prefix_override:/usr/lib/python3/dist-packages/colcon_core/task/python/colcon_distutils_commands:/home/admin/ros2_bus/install/py_bus_localisation_hw/lib/python3.12/site-packages:/home/admin/ros2_bus/install/py_bus_interfaces/lib/python3.12/site-packages:/home/admin/ros2_bus/build/py_bus_perception_logic:/home/admin/ros2_bus/install/py_bus_perception_logic/lib/python3.12/site-packages:/home/admin/ros2_bus/build/py_bus_perception_hw:/home/admin/ros2_bus/install/py_bus_perception_hw/lib/python3.12/site-packages:/home/admin/ros2_bus/build/py_bus_nav:/home/admin/ros2_bus/install/py_bus_nav/lib/python3.12/site-packages:/home/admin/ros2_bus/build/py_bus_localisation_logic:/home/admin/ros2_bus/install/py_bus_localisation_logic/lib/python3.12/site-packages:/home/admin/ros2_bus/build/py_bus_localisation_hw:/home/admin/ros2_bus/install/py_bus_localisation_hw/lib/python3.12/site-packages:/home/admin/ros2_bus/build/py_bus_hmi:/home/admin/ros2_bus/install/py_bus_hmi/lib/python3.12/site-packages:/home/admin/ros2_bus/build/py_bus_driver:/home/admin/ros2_bus/install/py_bus_driver/lib/python3.12/site-packages:/home/admin/ros2_bus/build/py_bus_controller:/home/admin/ros2_bus/install/py_bus_controller/lib/python3.12/site-packages:/home/admin/ros2_bus/build/py_bus_bringup:/home/admin/ros2_bus/install/py_bus_bringup/lib/python3.12/site-packages:/home/admin/ros2_bus/build/py_bus_behavior:/home/admin/ros2_bus/install/py_bus_behavior/lib/python3.12/site-packages:/opt/ros/kilted/lib/python3.12/site-packages /usr/bin/python3 -W ignore:setup.py install is deprecated -W ignore:easy_install command is deprecated setup.py develop --editable --build-directory /home/admin/ros2_bus/build/py_bus_localisation_hw/build --no-deps symlink_data
[39.667s] Level 1:colcon.colcon_core.shell:create_environment_hook('py_bus_localisation_hw', 'pythonpath_develop')
[39.668s] INFO:colcon.colcon_core.shell:Creating environment hook '/home/admin/ros2_bus/build/py_bus_localisation_hw/share/py_bus_localisation_hw/hook/pythonpath_develop.ps1'
[39.668s] DEBUG:colcon.colcon_core.event_handler.log_command:Invoked command in '/home/admin/ros2_bus/build/py_bus_localisation_hw' returned '0': PYTHONPATH=/home/admin/ros2_bus/build/py_bus_localisation_hw/prefix_override:/usr/lib/python3/dist-packages/colcon_core/task/python/colcon_distutils_commands:/home/admin/ros2_bus/install/py_bus_localisation_hw/lib/python3.12/site-packages:/home/admin/ros2_bus/install/py_bus_interfaces/lib/python3.12/site-packages:/home/admin/ros2_bus/build/py_bus_perception_logic:/home/admin/ros2_bus/install/py_bus_perception_logic/lib/python3.12/site-packages:/home/admin/ros2_bus/build/py_bus_perception_hw:/home/admin/ros2_bus/install/py_bus_perception_hw/lib/python3.12/site-packages:/home/admin/ros2_bus/build/py_bus_nav:/home/admin/ros2_bus/install/py_bus_nav/lib/python3.12/site-packages:/home/admin/ros2_bus/build/py_bus_localisation_logic:/home/admin/ros2_bus/install/py_bus_localisation_logic/lib/python3.12/site-packages:/home/admin/ros2_bus/build/py_bus_localisation_hw:/home/admin/ros2_bus/install/py_bus_localisation_hw/lib/python3.12/site-packages:/home/admin/ros2_bus/build/py_bus_hmi:/home/admin/ros2_bus/install/py_bus_hmi/lib/python3.12/site-packages:/home/admin/ros2_bus/build/py_bus_driver:/home/admin/ros2_bus/install/py_bus_driver/lib/python3.12/site-packages:/home/admin/ros2_bus/build/py_bus_controller:/home/admin/ros2_bus/install/py_bus_controller/lib/python3.12/site-packages:/home/admin/ros2_bus/build/py_bus_bringup:/home/admin/ros2_bus/install/py_bus_bringup/lib/python3.12/site-packages:/home/admin/ros2_bus/build/py_bus_behavior:/home/admin/ros2_bus/install/py_bus_behavior/lib/python3.12/site-packages:/opt/ros/kilted/lib/python3.12/site-packages /usr/bin/python3 -W ignore:setup.py install is deprecated -W ignore:easy_install command is deprecated setup.py develop --editable --build-directory /home/admin/ros2_bus/build/py_bus_localisation_hw/build --no-deps symlink_data
[39.669s] INFO:colcon.colcon_core.shell:Creating environment descriptor '/home/admin/ros2_bus/build/py_bus_localisation_hw/share/py_bus_localisation_hw/hook/pythonpath_develop.dsv'
[39.669s] INFO:colcon.colcon_core.shell:Creating environment hook '/home/admin/ros2_bus/build/py_bus_localisation_hw/share/py_bus_localisation_hw/hook/pythonpath_develop.sh'
[39.670s] Level 1:colcon.colcon_core.environment:checking '/home/admin/ros2_bus/install/py_bus_localisation_hw' for CMake module files
[39.671s] Level 1:colcon.colcon_core.environment:checking '/home/admin/ros2_bus/install/py_bus_localisation_hw' for CMake config files
[39.672s] Level 1:colcon.colcon_core.environment:checking '/home/admin/ros2_bus/install/py_bus_localisation_hw/lib'
[39.672s] Level 1:colcon.colcon_core.environment:checking '/home/admin/ros2_bus/install/py_bus_localisation_hw/bin'
[39.672s] Level 1:colcon.colcon_core.environment:checking '/home/admin/ros2_bus/install/py_bus_localisation_hw/lib/pkgconfig/py_bus_localisation_hw.pc'
[39.672s] Level 1:colcon.colcon_core.environment:checking '/home/admin/ros2_bus/install/py_bus_localisation_hw/lib/python3.12/site-packages'
[39.672s] Level 1:colcon.colcon_core.shell:create_environment_hook('py_bus_localisation_hw', 'pythonpath')
[39.673s] INFO:colcon.colcon_core.shell:Creating environment hook '/home/admin/ros2_bus/install/py_bus_localisation_hw/share/py_bus_localisation_hw/hook/pythonpath.ps1'
[39.673s] INFO:colcon.colcon_core.shell:Creating environment descriptor '/home/admin/ros2_bus/install/py_bus_localisation_hw/share/py_bus_localisation_hw/hook/pythonpath.dsv'
[39.674s] INFO:colcon.colcon_core.shell:Creating environment hook '/home/admin/ros2_bus/install/py_bus_localisation_hw/share/py_bus_localisation_hw/hook/pythonpath.sh'
[39.675s] Level 1:colcon.colcon_core.environment:checking '/home/admin/ros2_bus/install/py_bus_localisation_hw/bin'
[39.675s] Level 1:colcon.colcon_core.environment:create_environment_scripts_only(py_bus_localisation_hw)
[39.675s] INFO:colcon.colcon_core.shell:Creating package script '/home/admin/ros2_bus/install/py_bus_localisation_hw/share/py_bus_localisation_hw/package.ps1'
[39.676s] INFO:colcon.colcon_core.shell:Creating package descriptor '/home/admin/ros2_bus/install/py_bus_localisation_hw/share/py_bus_localisation_hw/package.dsv'
[39.677s] INFO:colcon.colcon_core.shell:Creating package script '/home/admin/ros2_bus/install/py_bus_localisation_hw/share/py_bus_localisation_hw/package.sh'
[39.677s] INFO:colcon.colcon_core.shell:Creating package script '/home/admin/ros2_bus/install/py_bus_localisation_hw/share/py_bus_localisation_hw/package.bash'
[39.678s] INFO:colcon.colcon_core.shell:Creating package script '/home/admin/ros2_bus/install/py_bus_localisation_hw/share/py_bus_localisation_hw/package.zsh'
[39.678s] Level 1:colcon.colcon_core.environment:create_file_with_runtime_dependencies(/home/admin/ros2_bus/install/py_bus_localisation_hw/share/colcon-core/packages/py_bus_localisation_hw)
[59.763s] DEBUG:colcon.colcon_core.event_handler.log_command:Invoked command in '/home/admin/ros2_bus/build/camera_ros' returned '0': CMAKE_PREFIX_PATH=${CMAKE_PREFIX_PATH}:/home/admin/ros2_bus/install/py_bus_perception_logic:/home/admin/ros2_bus/install/py_bus_perception_hw:/home/admin/ros2_bus/install/py_bus_nav:/home/admin/ros2_bus/install/py_bus_localisation_logic:/home/admin/ros2_bus/install/py_bus_localisation_hw:/home/admin/ros2_bus/install/py_bus_hmi:/home/admin/ros2_bus/install/py_bus_driver:/home/admin/ros2_bus/install/py_bus_controller:/home/admin/ros2_bus/install/py_bus_bringup:/home/admin/ros2_bus/install/py_bus_behavior:/opt/ros/kilted /usr/bin/cmake --build /home/admin/ros2_bus/build/camera_ros -- -j4 -l4
[59.765s] DEBUG:colcon.colcon_core.event_handler.log_command:Invoking command in '/home/admin/ros2_bus/build/camera_ros': CMAKE_PREFIX_PATH=${CMAKE_PREFIX_PATH}:/home/admin/ros2_bus/install/py_bus_perception_logic:/home/admin/ros2_bus/install/py_bus_perception_hw:/home/admin/ros2_bus/install/py_bus_nav:/home/admin/ros2_bus/install/py_bus_localisation_logic:/home/admin/ros2_bus/install/py_bus_localisation_hw:/home/admin/ros2_bus/install/py_bus_hmi:/home/admin/ros2_bus/install/py_bus_driver:/home/admin/ros2_bus/install/py_bus_controller:/home/admin/ros2_bus/install/py_bus_bringup:/home/admin/ros2_bus/install/py_bus_behavior:/opt/ros/kilted /usr/bin/cmake --install /home/admin/ros2_bus/build/camera_ros
[60.221s] Level 1:colcon.colcon_core.environment:create_environment_scripts_only(camera_ros)
[60.221s] Level 1:colcon.colcon_core.environment:checking '/home/admin/ros2_bus/install/camera_ros' for CMake module files
[60.222s] DEBUG:colcon.colcon_core.event_handler.log_command:Invoked command in '/home/admin/ros2_bus/build/camera_ros' returned '0': CMAKE_PREFIX_PATH=${CMAKE_PREFIX_PATH}:/home/admin/ros2_bus/install/py_bus_perception_logic:/home/admin/ros2_bus/install/py_bus_perception_hw:/home/admin/ros2_bus/install/py_bus_nav:/home/admin/ros2_bus/install/py_bus_localisation_logic:/home/admin/ros2_bus/install/py_bus_localisation_hw:/home/admin/ros2_bus/install/py_bus_hmi:/home/admin/ros2_bus/install/py_bus_driver:/home/admin/ros2_bus/install/py_bus_controller:/home/admin/ros2_bus/install/py_bus_bringup:/home/admin/ros2_bus/install/py_bus_behavior:/opt/ros/kilted /usr/bin/cmake --install /home/admin/ros2_bus/build/camera_ros
[60.222s] Level 1:colcon.colcon_core.environment:checking '/home/admin/ros2_bus/install/camera_ros' for CMake config files
[60.223s] Level 1:colcon.colcon_core.shell:create_environment_hook('camera_ros', 'cmake_prefix_path')
[60.223s] INFO:colcon.colcon_core.shell:Creating environment hook '/home/admin/ros2_bus/install/camera_ros/share/camera_ros/hook/cmake_prefix_path.ps1'
[60.224s] INFO:colcon.colcon_core.shell:Creating environment descriptor '/home/admin/ros2_bus/install/camera_ros/share/camera_ros/hook/cmake_prefix_path.dsv'
[60.224s] INFO:colcon.colcon_core.shell:Creating environment hook '/home/admin/ros2_bus/install/camera_ros/share/camera_ros/hook/cmake_prefix_path.sh'
[60.225s] Level 1:colcon.colcon_core.environment:checking '/home/admin/ros2_bus/install/camera_ros/lib'
[60.225s] Level 1:colcon.colcon_core.shell:create_environment_hook('camera_ros', 'ld_library_path_lib')
[60.225s] INFO:colcon.colcon_core.shell:Creating environment hook '/home/admin/ros2_bus/install/camera_ros/share/camera_ros/hook/ld_library_path_lib.ps1'
[60.226s] INFO:colcon.colcon_core.shell:Creating environment descriptor '/home/admin/ros2_bus/install/camera_ros/share/camera_ros/hook/ld_library_path_lib.dsv'
[60.226s] INFO:colcon.colcon_core.shell:Creating environment hook '/home/admin/ros2_bus/install/camera_ros/share/camera_ros/hook/ld_library_path_lib.sh'
[60.226s] Level 1:colcon.colcon_core.environment:checking '/home/admin/ros2_bus/install/camera_ros/bin'
[60.227s] Level 1:colcon.colcon_core.environment:checking '/home/admin/ros2_bus/install/camera_ros/lib/pkgconfig/camera_ros.pc'
[60.227s] Level 1:colcon.colcon_core.environment:checking '/home/admin/ros2_bus/install/camera_ros/lib/python3.12/site-packages'
[60.227s] Level 1:colcon.colcon_core.environment:checking '/home/admin/ros2_bus/install/camera_ros/bin'
[60.228s] INFO:colcon.colcon_core.shell:Creating package script '/home/admin/ros2_bus/install/camera_ros/share/camera_ros/package.ps1'
[60.229s] INFO:colcon.colcon_core.shell:Creating package descriptor '/home/admin/ros2_bus/install/camera_ros/share/camera_ros/package.dsv'
[60.229s] INFO:colcon.colcon_core.shell:Creating package script '/home/admin/ros2_bus/install/camera_ros/share/camera_ros/package.sh'
[60.230s] INFO:colcon.colcon_core.shell:Creating package script '/home/admin/ros2_bus/install/camera_ros/share/camera_ros/package.bash'
[60.230s] INFO:colcon.colcon_core.shell:Creating package script '/home/admin/ros2_bus/install/camera_ros/share/camera_ros/package.zsh'
[60.231s] Level 1:colcon.colcon_core.environment:create_file_with_runtime_dependencies(/home/admin/ros2_bus/install/camera_ros/share/colcon-core/packages/camera_ros)
[60.231s] Level 1:colcon.colcon_core.environment:create_environment_scripts_only(camera_ros)
[60.232s] Level 1:colcon.colcon_core.environment:checking '/home/admin/ros2_bus/install/camera_ros' for CMake module files
[60.232s] Level 1:colcon.colcon_core.environment:checking '/home/admin/ros2_bus/install/camera_ros' for CMake config files
[60.233s] Level 1:colcon.colcon_core.shell:create_environment_hook('camera_ros', 'cmake_prefix_path')
[60.233s] INFO:colcon.colcon_core.shell:Creating environment hook '/home/admin/ros2_bus/install/camera_ros/share/camera_ros/hook/cmake_prefix_path.ps1'
[60.234s] INFO:colcon.colcon_core.shell:Creating environment descriptor '/home/admin/ros2_bus/install/camera_ros/share/camera_ros/hook/cmake_prefix_path.dsv'
[60.235s] INFO:colcon.colcon_core.shell:Creating environment hook '/home/admin/ros2_bus/install/camera_ros/share/camera_ros/hook/cmake_prefix_path.sh'
[60.236s] Level 1:colcon.colcon_core.environment:checking '/home/admin/ros2_bus/install/camera_ros/lib'
[60.236s] Level 1:colcon.colcon_core.shell:create_environment_hook('camera_ros', 'ld_library_path_lib')
[60.236s] INFO:colcon.colcon_core.shell:Creating environment hook '/home/admin/ros2_bus/install/camera_ros/share/camera_ros/hook/ld_library_path_lib.ps1'
[60.237s] INFO:colcon.colcon_core.shell:Creating environment descriptor '/home/admin/ros2_bus/install/camera_ros/share/camera_ros/hook/ld_library_path_lib.dsv'
[60.238s] INFO:colcon.colcon_core.shell:Creating environment hook '/home/admin/ros2_bus/install/camera_ros/share/camera_ros/hook/ld_library_path_lib.sh'
[60.239s] Level 1:colcon.colcon_core.environment:checking '/home/admin/ros2_bus/install/camera_ros/bin'
[60.239s] Level 1:colcon.colcon_core.environment:checking '/home/admin/ros2_bus/install/camera_ros/lib/pkgconfig/camera_ros.pc'
[60.239s] Level 1:colcon.colcon_core.environment:checking '/home/admin/ros2_bus/install/camera_ros/lib/python3.12/site-packages'
[60.240s] Level 1:colcon.colcon_core.environment:checking '/home/admin/ros2_bus/install/camera_ros/bin'
[60.240s] INFO:colcon.colcon_core.shell:Creating package script '/home/admin/ros2_bus/install/camera_ros/share/camera_ros/package.ps1'
[60.241s] INFO:colcon.colcon_core.shell:Creating package descriptor '/home/admin/ros2_bus/install/camera_ros/share/camera_ros/package.dsv'
[60.242s] INFO:colcon.colcon_core.shell:Creating package script '/home/admin/ros2_bus/install/camera_ros/share/camera_ros/package.sh'
[60.243s] INFO:colcon.colcon_core.shell:Creating package script '/home/admin/ros2_bus/install/camera_ros/share/camera_ros/package.bash'
[60.245s] INFO:colcon.colcon_core.shell:Creating package script '/home/admin/ros2_bus/install/camera_ros/share/camera_ros/package.zsh'
[60.246s] Level 1:colcon.colcon_core.environment:create_file_with_runtime_dependencies(/home/admin/ros2_bus/install/camera_ros/share/colcon-core/packages/camera_ros)
[60.247s] DEBUG:colcon.colcon_parallel_executor.executor.parallel:closing loop
[60.248s] DEBUG:colcon.colcon_parallel_executor.executor.parallel:loop closed
[60.248s] DEBUG:colcon.colcon_parallel_executor.executor.parallel:run_until_complete finished with '0'
[60.248s] DEBUG:colcon.colcon_core.event_reactor:joining thread
[60.250s] DEBUG:colcon.colcon_core.event_reactor:joined thread
[60.250s] INFO:colcon.colcon_core.shell:Creating prefix script '/home/admin/ros2_bus/install/local_setup.ps1'
[60.251s] INFO:colcon.colcon_core.shell:Creating prefix util module '/home/admin/ros2_bus/install/_local_setup_util_ps1.py'
[60.253s] INFO:colcon.colcon_core.shell:Creating prefix chain script '/home/admin/ros2_bus/install/setup.ps1'
[60.255s] INFO:colcon.colcon_core.shell:Creating prefix script '/home/admin/ros2_bus/install/local_setup.sh'
[60.256s] INFO:colcon.colcon_core.shell:Creating prefix util module '/home/admin/ros2_bus/install/_local_setup_util_sh.py'
[60.257s] INFO:colcon.colcon_core.shell:Creating prefix chain script '/home/admin/ros2_bus/install/setup.sh'
[60.259s] INFO:colcon.colcon_core.shell:Creating prefix script '/home/admin/ros2_bus/install/local_setup.bash'
[60.259s] INFO:colcon.colcon_core.shell:Creating prefix chain script '/home/admin/ros2_bus/install/setup.bash'
[60.261s] INFO:colcon.colcon_core.shell:Creating prefix script '/home/admin/ros2_bus/install/local_setup.zsh'
[60.262s] INFO:colcon.colcon_core.shell:Creating prefix chain script '/home/admin/ros2_bus/install/setup.zsh'
